TransactionID,CustomerID,ProductID,ProductName,Category,Department,PurchaseDate,Quantity,UnitPrice,TotalAmount,CustomerSegment,AgeGroup,LoyaltyTier,Region,StoreLocation,PaymentType,BasketItemCount,BasketValue,BasketSizeSegment
T00009,C043,P007,Avocado,Produce,Fresh Food,2025-01-01,2,1.5,3.0,Student,18-25,Bronze,East,Eastpark,Card,6,57.7,Large
T00009,C043,P009,Cheddar Cheese,Dairy,Fresh Food,2025-01-01,1,4.5,4.5,Student,18-25,Bronze,East,Eastpark,Card,6,57.7,Large
T00009,C043,P017,Chicken Breast,Meat,Fresh Food,2025-01-01,2,6.5,13.0,Student,18-25,Bronze,East,Eastpark,Card,6,57.7,Large
T00009,C043,P036,Olive Oil,Pantry,Grocery,2025-01-01,2,7.8,15.6,Student,18-25,Bronze,East,Eastpark,Card,6,57.7,Large
T00009,C043,P042,Frozen Vegetables,Frozen,Grocery,2025-01-01,1,2.4,2.4,Student,18-25,Bronze,East,Eastpark,Card,6,57.7,Large
T00009,C043,P048,Shampoo,Personal Care,Non-Food,2025-01-01,4,4.8,19.2,Student,18-25,Bronze,East,Eastpark,Card,6,57.7,Large
T00010,C001,P029,Popcorn,Snacks,Grocery,2025-01-02,2,2.0,4.0,Student,18-25,Not Enrolled,East,Hilltop,Mobile,2,8.8,Small
T00010,C001,P048,Shampoo,Personal Care,Non-Food,2025-01-02,1,4.8,4.8,Student,18-25,Not Enrolled,East,Hilltop,Mobile,2,8.8,Small
T00004,C029,P001,Bananas,Produce,Fresh Food,2025-01-03,1,0.59,0.59,Premium Shopper,41-60,Silver,East,Eastpark,Card,3,10.39,Small
T00004,C029,P006,Carrots,Produce,Fresh Food,2025-01-03,2,0.85,1.7,Premium Shopper,41-60,Silver,East,Eastpark,Card,3,10.39,Small
T00004,C029,P049,Toothpaste,Personal Care,Non-Food,2025-01-03,3,2.7,8.1,Premium Shopper,41-60,Silver,East,Eastpark,Card,3,10.39,Small
T00018,C053,P002,Apples,Produce,Fresh Food,2025-01-03,1,1.2,1.2,Senior,60+,Not Enrolled,South,Riverside,Mobile,2,6.6,Small
T00018,C053,P003,Tomatoes,Produce,Fresh Food,2025-01-03,3,1.8,5.4,Senior,60+,Not Enrolled,South,Riverside,Mobile,2,6.6,Small
T00007,C005,P023,Coffee Beans,Beverages,Grocery,2025-01-06,2,8.9,17.8,Young Singles,26-40,Not Enrolled,South,Eastpark,Card,4,38.8,Large
T00007,C005,P035,Sugar,Pantry,Grocery,2025-01-06,4,2.1,8.4,Young Singles,26-40,Not Enrolled,South,Eastpark,Card,4,38.8,Large
T00007,C005,P038,Peanut Butter,Pantry,Grocery,2025-01-06,2,3.5,7.0,Young Singles,26-40,Not Enrolled,South,Eastpark,Card,4,38.8,Large
T00007,C005,P039,Jam,Pantry,Grocery,2025-01-06,2,2.8,5.6,Young Singles,26-40,Not Enrolled,South,Eastpark,Card,4,38.8,Large
T00016,C040,P019,Bacon,Meat,Fresh Food,2025-01-06,1,5.4,5.4,Premium Shopper,41-60,Not Enrolled,Central,Eastpark,Card,1,5.4,Single
T00013,C053,P005,Onions,Produce,Fresh Food,2025-01-07,5,0.9,4.5,Senior,60+,Not Enrolled,South,Westgate,Card,5,49.8,Large
T00013,C053,P011,Butter,Dairy,Fresh Food,2025-01-07,5,3.8,19.0,Senior,60+,Not Enrolled,South,Westgate,Card,5,49.8,Large
T00013,C053,P013,White Bread,Bakery,Fresh Food,2025-01-07,5,1.9,9.5,Senior,60+,Not Enrolled,South,Westgate,Card,5,49.8,Large
T00013,C053,P015,Bagels,Bakery,Fresh Food,2025-01-07,2,2.8,5.6,Senior,60+,Not Enrolled,South,Westgate,Card,5,49.8,Large
T00013,C053,P039,Jam,Pantry,Grocery,2025-01-07,4,2.8,11.2,Senior,60+,Not Enrolled,South,Westgate,Card,5,49.8,Large
T00142,C033,P007,Avocado,Produce,Fresh Food,2025-01-07,1,1.5,1.5,Premium Shopper,41-60,Not Enrolled,Central,Westgate,Mobile,3,11.7,Small
T00142,C033,P008,Whole Milk,Dairy,Fresh Food,2025-01-07,3,2.1,6.3,Premium Shopper,41-60,Not Enrolled,Central,Westgate,Mobile,3,11.7,Small
T00142,C033,P034,Cereal,Pantry,Grocery,2025-01-07,1,3.9,3.9,Premium Shopper,41-60,Not Enrolled,Central,Westgate,Mobile,3,11.7,Small
T00014,C003,P008,Whole Milk,Dairy,Fresh Food,2025-01-09,1,2.1,2.1,Student,18-25,Silver,Central,Downtown,Cash,4,16.2,Large
T00014,C003,P028,Cookies,Snacks,Grocery,2025-01-09,1,2.9,2.9,Student,18-25,Silver,Central,Downtown,Cash,4,16.2,Large
T00014,C003,P033,Rice,Pantry,Grocery,2025-01-09,2,4.2,8.4,Student,18-25,Silver,Central,Downtown,Cash,4,16.2,Large
T00014,C003,P039,Jam,Pantry,Grocery,2025-01-09,1,2.8,2.8,Student,18-25,Silver,Central,Downtown,Cash,4,16.2,Large
T00003,C028,P004,Lettuce,Produce,Fresh Food,2025-01-12,2,1.4,2.8,Budget Shopper,26-40,Not Enrolled,South,Westgate,Cash,4,14.2,Large
T00003,C028,P007,Avocado,Produce,Fresh Food,2025-01-12,1,1.5,1.5,Budget Shopper,26-40,Not Enrolled,South,Westgate,Cash,4,14.2,Large
T00003,C028,P026,Potato Chips,Snacks,Grocery,2025-01-12,3,2.5,7.5,Budget Shopper,26-40,Not Enrolled,South,Westgate,Cash,4,14.2,Large
T00003,C028,P042,Frozen Vegetables,Frozen,Grocery,2025-01-12,1,2.4,2.4,Budget Shopper,26-40,Not Enrolled,South,Westgate,Cash,4,14.2,Large
T00001,C043,P011,Butter,Dairy,Fresh Food,2025-01-13,1,3.8,3.8,Student,18-25,Bronze,East,Hilltop,Card,2,9.4,Small
T00001,C043,P015,Bagels,Bakery,Fresh Food,2025-01-13,2,2.8,5.6,Student,18-25,Bronze,East,Hilltop,Card,2,9.4,Small
T00005,C001,P028,Cookies,Snacks,Grocery,2025-01-13,5,2.9,14.5,Student,18-25,Not Enrolled,East,Westgate,Card,3,25.6,Small
T00005,C001,P045,Dish Soap,Household,Non-Food,2025-01-13,1,2.9,2.9,Student,18-25,Not Enrolled,East,Westgate,Card,3,25.6,Small
T00005,C001,P047,Trash Bags,Household,Non-Food,2025-01-13,2,4.1,8.2,Student,18-25,Not Enrolled,East,Westgate,Card,3,25.6,Small
T00008,C009,P001,Bananas,Produce,Fresh Food,2025-01-13,2,0.59,1.18,Senior,60+,Silver,North,Hilltop,Cash,6,29.18,Large
T00008,C009,P005,Onions,Produce,Fresh Food,2025-01-13,5,0.9,4.5,Senior,60+,Silver,North,Hilltop,Cash,6,29.18,Large
T00008,C009,P007,Avocado,Produce,Fresh Food,2025-01-13,2,1.5,3.0,Senior,60+,Silver,North,Hilltop,Cash,6,29.18,Large
T00008,C009,P030,Pretzels,Snacks,Grocery,2025-01-13,3,2.3,6.9,Senior,60+,Silver,North,Hilltop,Cash,6,29.18,Large
T00008,C009,P035,Sugar,Pantry,Grocery,2025-01-13,4,2.1,8.4,Senior,60+,Silver,North,Hilltop,Cash,6,29.18,Large
T00008,C009,P040,Frozen Pizza,Frozen,Grocery,2025-01-13,1,5.2,5.2,Senior,60+,Silver,North,Hilltop,Cash,6,29.18,Large
T00006,C048,P031,Pasta,Pantry,Grocery,2025-01-19,5,1.5,7.5,Student,18-25,Bronze,South,Eastpark,Card,2,15.6,Small
T00006,C048,P032,Pasta Sauce,Pantry,Grocery,2025-01-19,3,2.7,8.1,Student,18-25,Bronze,South,Eastpark,Card,2,15.6,Small
T00017,C042,P023,Coffee Beans,Beverages,Grocery,2025-01-20,2,8.9,17.8,Student,18-25,Silver,East,Hilltop,Cash,2,20.8,Small
T00017,C042,P031,Pasta,Pantry,Grocery,2025-01-20,2,1.5,3.0,Student,18-25,Silver,East,Hilltop,Cash,2,20.8,Small
T00002,C041,P005,Onions,Produce,Fresh Food,2025-01-23,2,0.9,1.8,Young Singles,26-40,Silver,North,Downtown,Card,5,32.6,Large
T00002,C041,P016,Croissant,Bakery,Fresh Food,2025-01-23,2,3.1,6.2,Young Singles,26-40,Silver,North,Downtown,Card,5,32.6,Large
T00002,C041,P018,Ground Beef,Meat,Fresh Food,2025-01-23,2,7.2,14.4,Young Singles,26-40,Silver,North,Downtown,Card,5,32.6,Large
T00002,C041,P033,Rice,Pantry,Grocery,2025-01-23,1,4.2,4.2,Young Singles,26-40,Silver,North,Downtown,Card,5,32.6,Large
T00002,C041,P043,Frozen Fries,Frozen,Grocery,2025-01-23,2,3.0,6.0,Young Singles,26-40,Silver,North,Downtown,Card,5,32.6,Large
T00015,C048,P020,Cola,Beverages,Grocery,2025-01-24,1,1.6,1.6,Student,18-25,Bronze,South,Riverside,Card,5,28.7,Large
T00015,C048,P022,Sparkling Water,Beverages,Grocery,2025-01-24,1,1.1,1.1,Student,18-25,Bronze,South,Riverside,Card,5,28.7,Large
T00015,C048,P024,Tea Bags,Beverages,Grocery,2025-01-24,2,3.6,7.2,Student,18-25,Bronze,South,Riverside,Card,5,28.7,Large
T00015,C048,P035,Sugar,Pantry,Grocery,2025-01-24,4,2.1,8.4,Student,18-25,Bronze,South,Riverside,Card,5,28.7,Large
T00015,C048,P040,Frozen Pizza,Frozen,Grocery,2025-01-24,2,5.2,10.4,Student,18-25,Bronze,South,Riverside,Card,5,28.7,Large
T00012,C036,P016,Croissant,Bakery,Fresh Food,2025-01-25,2,3.1,6.2,Premium Shopper,41-60,Bronze,North,Westgate,Voucher,6,49.0,Large
T00012,C036,P020,Cola,Beverages,Grocery,2025-01-25,1,1.6,1.6,Premium Shopper,41-60,Bronze,North,Westgate,Voucher,6,49.0,Large
T00012,C036,P023,Coffee Beans,Beverages,Grocery,2025-01-25,3,8.9,26.7,Premium Shopper,41-60,Bronze,North,Westgate,Voucher,6,49.0,Large
T00012,C036,P024,Tea Bags,Beverages,Grocery,2025-01-25,2,3.6,7.2,Premium Shopper,41-60,Bronze,North,Westgate,Voucher,6,49.0,Large
T00012,C036,P035,Sugar,Pantry,Grocery,2025-01-25,1,2.1,2.1,Premium Shopper,41-60,Bronze,North,Westgate,Voucher,6,49.0,Large
T00012,C036,P040,Frozen Pizza,Frozen,Grocery,2025-01-25,1,5.2,5.2,Premium Shopper,41-60,Bronze,North,Westgate,Voucher,6,49.0,Large
T00011,C045,P003,Tomatoes,Produce,Fresh Food,2025-01-29,1,1.8,1.8,Student,18-25,Silver,East,Riverside,Cash,4,31.0,Large
T00011,C045,P009,Cheddar Cheese,Dairy,Fresh Food,2025-01-29,3,4.5,13.5,Student,18-25,Silver,East,Riverside,Cash,4,31.0,Large
T00011,C045,P010,Greek Yogurt,Dairy,Fresh Food,2025-01-29,4,3.2,12.8,Student,18-25,Silver,East,Riverside,Cash,4,31.0,Large
T00011,C045,P028,Cookies,Snacks,Grocery,2025-01-29,1,2.9,2.9,Student,18-25,Silver,East,Riverside,Cash,4,31.0,Large
T00022,C009,P005,Onions,Produce,Fresh Food,2025-02-03,3,0.9,2.7,Senior,60+,Silver,North,Riverside,Card,4,12.7,Large
T00022,C009,P022,Sparkling Water,Beverages,Grocery,2025-02-03,1,1.1,1.1,Senior,60+,Silver,North,Riverside,Card,4,12.7,Large
T00022,C009,P027,Chocolate Bar,Snacks,Grocery,2025-02-03,2,1.3,2.6,Senior,60+,Silver,North,Riverside,Card,4,12.7,Large
T00022,C009,P035,Sugar,Pantry,Grocery,2025-02-03,3,2.1,6.3,Senior,60+,Silver,North,Riverside,Card,4,12.7,Large
T00032,C019,P008,Whole Milk,Dairy,Fresh Food,2025-02-03,1,2.1,2.1,Young Singles,26-40,Silver,North,Riverside,Card,4,30.9,Large
T00032,C019,P024,Tea Bags,Beverages,Grocery,2025-02-03,2,3.6,7.2,Young Singles,26-40,Silver,North,Riverside,Card,4,30.9,Large
T00032,C019,P034,Cereal,Pantry,Grocery,2025-02-03,5,3.9,19.5,Young Singles,26-40,Silver,North,Riverside,Card,4,30.9,Large
T00032,C019,P035,Sugar,Pantry,Grocery,2025-02-03,1,2.1,2.1,Young Singles,26-40,Silver,North,Riverside,Card,4,30.9,Large
T00035,C053,P004,Lettuce,Produce,Fresh Food,2025-02-04,3,1.4,4.2,Senior,60+,Not Enrolled,South,Downtown,Card,4,14.4,Large
T00035,C053,P010,Greek Yogurt,Dairy,Fresh Food,2025-02-04,2,3.2,6.4,Senior,60+,Not Enrolled,South,Downtown,Card,4,14.4,Large
T00035,C053,P020,Cola,Beverages,Grocery,2025-02-04,1,1.6,1.6,Senior,60+,Not Enrolled,South,Downtown,Card,4,14.4,Large
T00035,C053,P037,Canned Beans,Pantry,Grocery,2025-02-04,2,1.1,2.2,Senior,60+,Not Enrolled,South,Downtown,Card,4,14.4,Large
T00034,C018,P009,Cheddar Cheese,Dairy,Fresh Food,2025-02-05,1,4.5,4.5,Young Singles,26-40,Bronze,East,Downtown,Voucher,4,14.5,Large
T00034,C018,P032,Pasta Sauce,Pantry,Grocery,2025-02-05,1,2.7,2.7,Young Singles,26-40,Bronze,East,Downtown,Voucher,4,14.5,Large
T00034,C018,P041,Ice Cream,Frozen,Grocery,2025-02-05,1,4.6,4.6,Young Singles,26-40,Bronze,East,Downtown,Voucher,4,14.5,Large
T00034,C018,P049,Toothpaste,Personal Care,Non-Food,2025-02-05,1,2.7,2.7,Young Singles,26-40,Bronze,East,Downtown,Voucher,4,14.5,Large
T00031,C023,P001,Bananas,Produce,Fresh Food,2025-02-07,3,0.59,1.77,Premium Shopper,41-60,Bronze,Central,Hilltop,Card,4,35.67,Large
T00031,C023,P018,Ground Beef,Meat,Fresh Food,2025-02-07,2,7.2,14.4,Premium Shopper,41-60,Bronze,Central,Hilltop,Card,4,35.67,Large
T00031,C023,P034,Cereal,Pantry,Grocery,2025-02-07,1,3.9,3.9,Premium Shopper,41-60,Bronze,Central,Hilltop,Card,4,35.67,Large
T00031,C023,P036,Olive Oil,Pantry,Grocery,2025-02-07,2,7.8,15.6,Premium Shopper,41-60,Bronze,Central,Hilltop,Card,4,35.67,Large
T00026,C013,P008,Whole Milk,Dairy,Fresh Food,2025-02-08,2,2.1,4.2,Senior,60+,Silver,Central,Downtown,Cash,3,12.1,Small
T00026,C013,P014,Whole Wheat Bread,Bakery,Fresh Food,2025-02-08,1,2.4,2.4,Senior,60+,Silver,Central,Downtown,Cash,3,12.1,Small
T00026,C013,P037,Canned Beans,Pantry,Grocery,2025-02-08,5,1.1,5.5,Senior,60+,Silver,Central,Downtown,Cash,3,12.1,Small
T00205,C025,P007,Avocado,Produce,Fresh Food,2025-02-09,3,1.5,4.5,Budget Shopper,26-40,Not Enrolled,Central,Westgate,Mobile,5,42.5,Large
T00205,C025,P023,Coffee Beans,Beverages,Grocery,2025-02-09,3,8.9,26.7,Budget Shopper,26-40,Not Enrolled,Central,Westgate,Mobile,5,42.5,Large
T00205,C025,P025,Energy Drink,Beverages,Grocery,2025-02-09,2,2.2,4.4,Budget Shopper,26-40,Not Enrolled,Central,Westgate,Mobile,5,42.5,Large
T00205,C025,P032,Pasta Sauce,Pantry,Grocery,2025-02-09,1,2.7,2.7,Budget Shopper,26-40,Not Enrolled,Central,Westgate,Mobile,5,42.5,Large
T00205,C025,P035,Sugar,Pantry,Grocery,2025-02-09,2,2.1,4.2,Budget Shopper,26-40,Not Enrolled,Central,Westgate,Mobile,5,42.5,Large
T00028,C026,P007,Avocado,Produce,Fresh Food,2025-02-13,1,1.5,1.5,Family,41-60,Silver,North,Riverside,Card,4,18.4,Large
T00028,C026,P020,Cola,Beverages,Grocery,2025-02-13,1,1.6,1.6,Family,41-60,Silver,North,Riverside,Card,4,18.4,Large
T00028,C026,P045,Dish Soap,Household,Non-Food,2025-02-13,3,2.9,8.7,Family,41-60,Silver,North,Riverside,Card,4,18.4,Large
T00028,C026,P050,Hand Soap,Personal Care,Non-Food,2025-02-13,3,2.2,6.6,Family,41-60,Silver,North,Riverside,Card,4,18.4,Large
T00019,C057,P010,Greek Yogurt,Dairy,Fresh Food,2025-02-14,3,3.2,9.6,Student,18-25,Bronze,Central,Eastpark,Card,3,23.7,Small
T00019,C057,P016,Croissant,Bakery,Fresh Food,2025-02-14,3,3.1,9.3,Student,18-25,Bronze,Central,Eastpark,Card,3,23.7,Small
T00019,C057,P042,Frozen Vegetables,Frozen,Grocery,2025-02-14,2,2.4,4.8,Student,18-25,Bronze,Central,Eastpark,Card,3,23.7,Small
T00025,C017,P023,Coffee Beans,Beverages,Grocery,2025-02-14,1,8.9,8.9,Senior,60+,Bronze,North,Downtown,Cash,2,11.0,Small
T00025,C017,P035,Sugar,Pantry,Grocery,2025-02-14,1,2.1,2.1,Senior,60+,Bronze,North,Downtown,Cash,2,11.0,Small
T00036,C020,P007,Avocado,Produce,Fresh Food,2025-02-15,1,1.5,1.5,Budget Shopper,26-40,Not Enrolled,East,Eastpark,Voucher,4,19.7,Large
T00036,C020,P014,Whole Wheat Bread,Bakery,Fresh Food,2025-02-15,1,2.4,2.4,Budget Shopper,26-40,Not Enrolled,East,Eastpark,Voucher,4,19.7,Large
T00036,C020,P040,Frozen Pizza,Frozen,Grocery,2025-02-15,2,5.2,10.4,Budget Shopper,26-40,Not Enrolled,East,Eastpark,Voucher,4,19.7,Large
T00036,C020,P049,Toothpaste,Personal Care,Non-Food,2025-02-15,2,2.7,5.4,Budget Shopper,26-40,Not Enrolled,East,Eastpark,Voucher,4,19.7,Large
T00021,C029,P008,Whole Milk,Dairy,Fresh Food,2025-02-16,1,2.1,2.1,Premium Shopper,41-60,Silver,East,Hilltop,Mobile,3,10.4,Small
T00021,C029,P034,Cereal,Pantry,Grocery,2025-02-16,1,3.9,3.9,Premium Shopper,41-60,Silver,East,Hilltop,Mobile,3,10.4,Small
T00021,C029,P050,Hand Soap,Personal Care,Non-Food,2025-02-16,2,2.2,4.4,Premium Shopper,41-60,Silver,East,Hilltop,Mobile,3,10.4,Small
T00029,C042,P024,Tea Bags,Beverages,Grocery,2025-02-17,1,3.6,3.6,Student,18-25,Silver,East,Hilltop,Card,3,16.3,Small
T00029,C042,P028,Cookies,Snacks,Grocery,2025-02-17,2,2.9,5.8,Student,18-25,Silver,East,Hilltop,Card,3,16.3,Small
T00029,C042,P030,Pretzels,Snacks,Grocery,2025-02-17,3,2.3,6.9,Student,18-25,Silver,East,Hilltop,Card,3,16.3,Small
T00030,C050,P006,Carrots,Produce,Fresh Food,2025-02-18,3,0.85,2.55,Premium Shopper,41-60,Gold,Central,Westgate,Cash,4,41.25,Large
T00030,C050,P016,Croissant,Bakery,Fresh Food,2025-02-18,1,3.1,3.1,Premium Shopper,41-60,Gold,Central,Westgate,Cash,4,41.25,Large
T00030,C050,P018,Ground Beef,Meat,Fresh Food,2025-02-18,4,7.2,28.8,Premium Shopper,41-60,Gold,Central,Westgate,Cash,4,41.25,Large
T00030,C050,P021,Orange Juice,Beverages,Grocery,2025-02-18,2,3.4,6.8,Premium Shopper,41-60,Gold,Central,Westgate,Cash,4,41.25,Large
T00023,C025,P027,Chocolate Bar,Snacks,Grocery,2025-02-19,4,1.3,5.2,Budget Shopper,26-40,Not Enrolled,Central,Westgate,Card,4,17.7,Large
T00023,C025,P035,Sugar,Pantry,Grocery,2025-02-19,1,2.1,2.1,Budget Shopper,26-40,Not Enrolled,Central,Westgate,Card,4,17.7,Large
T00023,C025,P039,Jam,Pantry,Grocery,2025-02-19,2,2.8,5.6,Budget Shopper,26-40,Not Enrolled,Central,Westgate,Card,4,17.7,Large
T00023,C025,P048,Shampoo,Personal Care,Non-Food,2025-02-19,1,4.8,4.8,Budget Shopper,26-40,Not Enrolled,Central,Westgate,Card,4,17.7,Large
T00033,C035,P008,Whole Milk,Dairy,Fresh Food,2025-02-24,1,2.1,2.1,Senior,60+,Not Enrolled,South,Riverside,Card,3,23.5,Small
T00033,C035,P034,Cereal,Pantry,Grocery,2025-02-24,1,3.9,3.9,Senior,60+,Not Enrolled,South,Riverside,Card,3,23.5,Small
T00033,C035,P038,Peanut Butter,Pantry,Grocery,2025-02-24,5,3.5,17.5,Senior,60+,Not Enrolled,South,Riverside,Card,3,23.5,Small
T00027,C053,P020,Cola,Beverages,Grocery,2025-02-25,2,1.6,3.2,Senior,60+,Not Enrolled,South,Riverside,Voucher,1,3.2,Single
T00020,C045,P008,Whole Milk,Dairy,Fresh Food,2025-02-26,4,2.1,8.4,Student,18-25,Silver,East,Eastpark,Cash,5,44.1,Large
T00020,C045,P009,Cheddar Cheese,Dairy,Fresh Food,2025-02-26,2,4.5,9.0,Student,18-25,Silver,East,Eastpark,Cash,5,44.1,Large
T00020,C045,P030,Pretzels,Snacks,Grocery,2025-02-26,3,2.3,6.9,Student,18-25,Silver,East,Eastpark,Cash,5,44.1,Large
T00020,C045,P034,Cereal,Pantry,Grocery,2025-02-26,2,3.9,7.8,Student,18-25,Silver,East,Eastpark,Cash,5,44.1,Large
T00020,C045,P043,Frozen Fries,Frozen,Grocery,2025-02-26,4,3.0,12.0,Student,18-25,Silver,East,Eastpark,Cash,5,44.1,Large
T00024,C030,P002,Apples,Produce,Fresh Food,2025-02-27,1,1.2,1.2,Family,41-60,Bronze,West,Riverside,Voucher,5,10.75,Large
T00024,C030,P006,Carrots,Produce,Fresh Food,2025-02-27,1,0.85,0.85,Family,41-60,Bronze,West,Riverside,Voucher,5,10.75,Large
T00024,C030,P038,Peanut Butter,Pantry,Grocery,2025-02-27,1,3.5,3.5,Family,41-60,Bronze,West,Riverside,Voucher,5,10.75,Large
T00024,C030,P039,Jam,Pantry,Grocery,2025-02-27,1,2.8,2.8,Family,41-60,Bronze,West,Riverside,Voucher,5,10.75,Large
T00024,C030,P042,Frozen Vegetables,Frozen,Grocery,2025-02-27,1,2.4,2.4,Family,41-60,Bronze,West,Riverside,Voucher,5,10.75,Large
T00051,C037,P015,Bagels,Bakery,Fresh Food,2025-03-01,1,2.8,2.8,Young Singles,26-40,Not Enrolled,South,Downtown,Voucher,5,34.5,Large
T00051,C037,P019,Bacon,Meat,Fresh Food,2025-03-01,1,5.4,5.4,Young Singles,26-40,Not Enrolled,South,Downtown,Voucher,5,34.5,Large
T00051,C037,P023,Coffee Beans,Beverages,Grocery,2025-03-01,2,8.9,17.8,Young Singles,26-40,Not Enrolled,South,Downtown,Voucher,5,34.5,Large
T00051,C037,P035,Sugar,Pantry,Grocery,2025-03-01,3,2.1,6.3,Young Singles,26-40,Not Enrolled,South,Downtown,Voucher,5,34.5,Large
T00051,C037,P050,Hand Soap,Personal Care,Non-Food,2025-03-01,1,2.2,2.2,Young Singles,26-40,Not Enrolled,South,Downtown,Voucher,5,34.5,Large
T00052,C038,P027,Chocolate Bar,Snacks,Grocery,2025-03-02,1,1.3,1.3,Student,18-25,Bronze,North,Hilltop,Mobile,2,10.9,Small
T00052,C038,P048,Shampoo,Personal Care,Non-Food,2025-03-02,2,4.8,9.6,Student,18-25,Bronze,North,Hilltop,Mobile,2,10.9,Small
T00057,C045,P024,Tea Bags,Beverages,Grocery,2025-03-02,5,3.6,18.0,Student,18-25,Silver,East,Hilltop,Card,2,22.2,Small
T00057,C045,P035,Sugar,Pantry,Grocery,2025-03-02,2,2.1,4.2,Student,18-25,Silver,East,Hilltop,Card,2,22.2,Small
T00055,C041,P003,Tomatoes,Produce,Fresh Food,2025-03-03,1,1.8,1.8,Young Singles,26-40,Silver,North,Westgate,Voucher,3,14.3,Small
T00055,C041,P009,Cheddar Cheese,Dairy,Fresh Food,2025-03-03,1,4.5,4.5,Young Singles,26-40,Silver,North,Westgate,Voucher,3,14.3,Small
T00055,C041,P020,Cola,Beverages,Grocery,2025-03-03,5,1.6,8.0,Young Singles,26-40,Silver,North,Westgate,Voucher,3,14.3,Small
T00040,C055,P026,Potato Chips,Snacks,Grocery,2025-03-04,1,2.5,2.5,Student,18-25,Bronze,North,Riverside,Card,2,10.3,Small
T00040,C055,P036,Olive Oil,Pantry,Grocery,2025-03-04,1,7.8,7.8,Student,18-25,Bronze,North,Riverside,Card,2,10.3,Small
T00049,C030,P019,Bacon,Meat,Fresh Food,2025-03-09,2,5.4,10.8,Family,41-60,Bronze,West,Hilltop,Mobile,3,18.4,Small
T00049,C030,P035,Sugar,Pantry,Grocery,2025-03-09,1,2.1,2.1,Family,41-60,Bronze,West,Hilltop,Mobile,3,18.4,Small
T00049,C030,P044,Paper Towels,Household,Non-Food,2025-03-09,1,5.5,5.5,Family,41-60,Bronze,West,Hilltop,Mobile,3,18.4,Small
T00050,C030,P016,Croissant,Bakery,Fresh Food,2025-03-09,2,3.1,6.2,Family,41-60,Bronze,West,Hilltop,Card,3,11.7,Small
T00050,C030,P025,Energy Drink,Beverages,Grocery,2025-03-09,1,2.2,2.2,Family,41-60,Bronze,West,Hilltop,Card,3,11.7,Small
T00050,C030,P037,Canned Beans,Pantry,Grocery,2025-03-09,3,1.1,3.3,Family,41-60,Bronze,West,Hilltop,Card,3,11.7,Small
T00054,C001,P017,Chicken Breast,Meat,Fresh Food,2025-03-13,4,6.5,26.0,Student,18-25,Not Enrolled,East,Hilltop,Cash,4,62.2,Large
T00054,C001,P041,Ice Cream,Frozen,Grocery,2025-03-13,1,4.6,4.6,Student,18-25,Not Enrolled,East,Hilltop,Cash,4,62.2,Large
T00054,C001,P042,Frozen Vegetables,Frozen,Grocery,2025-03-13,4,2.4,9.6,Student,18-25,Not Enrolled,East,Hilltop,Cash,4,62.2,Large
T00054,C001,P044,Paper Towels,Household,Non-Food,2025-03-13,4,5.5,22.0,Student,18-25,Not Enrolled,East,Hilltop,Cash,4,62.2,Large
T00058,C018,P006,Carrots,Produce,Fresh Food,2025-03-13,1,0.85,0.85,Young Singles,26-40,Bronze,East,Riverside,Voucher,5,22.65,Large
T00058,C018,P014,Whole Wheat Bread,Bakery,Fresh Food,2025-03-13,1,2.4,2.4,Young Singles,26-40,Bronze,East,Riverside,Voucher,5,22.65,Large
T00058,C018,P041,Ice Cream,Frozen,Grocery,2025-03-13,2,4.6,9.2,Young Singles,26-40,Bronze,East,Riverside,Voucher,5,22.65,Large
T00058,C018,P042,Frozen Vegetables,Frozen,Grocery,2025-03-13,3,2.4,7.2,Young Singles,26-40,Bronze,East,Riverside,Voucher,5,22.65,Large
T00058,C018,P043,Frozen Fries,Frozen,Grocery,2025-03-13,1,3.0,3.0,Young Singles,26-40,Bronze,East,Riverside,Voucher,5,22.65,Large
T00043,C054,P013,White Bread,Bakery,Fresh Food,2025-03-14,1,1.9,1.9,Premium Shopper,41-60,Gold,North,Westgate,Voucher,3,12.5,Small
T00043,C054,P025,Energy Drink,Beverages,Grocery,2025-03-14,1,2.2,2.2,Premium Shopper,41-60,Gold,North,Westgate,Voucher,3,12.5,Small
T00043,C054,P039,Jam,Pantry,Grocery,2025-03-14,3,2.8,8.4,Premium Shopper,41-60,Gold,North,Westgate,Voucher,3,12.5,Small
T00037,C019,P005,Onions,Produce,Fresh Food,2025-03-16,2,0.9,1.8,Young Singles,26-40,Silver,North,Downtown,Card,4,26.2,Large
T00037,C019,P015,Bagels,Bakery,Fresh Food,2025-03-16,2,2.8,5.6,Young Singles,26-40,Silver,North,Downtown,Card,4,26.2,Large
T00037,C019,P030,Pretzels,Snacks,Grocery,2025-03-16,1,2.3,2.3,Young Singles,26-40,Silver,North,Downtown,Card,4,26.2,Large
T00037,C019,P044,Paper Towels,Household,Non-Food,2025-03-16,3,5.5,16.5,Young Singles,26-40,Silver,North,Downtown,Card,4,26.2,Large
T00046,C003,P001,Bananas,Produce,Fresh Food,2025-03-16,3,0.59,1.77,Student,18-25,Silver,Central,Riverside,Cash,5,21.27,Large
T00046,C003,P007,Avocado,Produce,Fresh Food,2025-03-16,5,1.5,7.5,Student,18-25,Silver,Central,Riverside,Cash,5,21.27,Large
T00046,C003,P029,Popcorn,Snacks,Grocery,2025-03-16,2,2.0,4.0,Student,18-25,Silver,Central,Riverside,Cash,5,21.27,Large
T00046,C003,P034,Cereal,Pantry,Grocery,2025-03-16,1,3.9,3.9,Student,18-25,Silver,Central,Riverside,Cash,5,21.27,Large
T00046,C003,P047,Trash Bags,Household,Non-Food,2025-03-16,1,4.1,4.1,Student,18-25,Silver,Central,Riverside,Cash,5,21.27,Large
T00044,C018,P010,Greek Yogurt,Dairy,Fresh Food,2025-03-17,2,3.2,6.4,Young Singles,26-40,Bronze,East,Downtown,Card,4,21.8,Large
T00044,C018,P029,Popcorn,Snacks,Grocery,2025-03-17,2,2.0,4.0,Young Singles,26-40,Bronze,East,Downtown,Card,4,21.8,Large
T00044,C018,P032,Pasta Sauce,Pantry,Grocery,2025-03-17,2,2.7,5.4,Young Singles,26-40,Bronze,East,Downtown,Card,4,21.8,Large
T00044,C018,P043,Frozen Fries,Frozen,Grocery,2025-03-17,2,3.0,6.0,Young Singles,26-40,Bronze,East,Downtown,Card,4,21.8,Large
T00053,C033,P008,Whole Milk,Dairy,Fresh Food,2025-03-17,2,2.1,4.2,Premium Shopper,41-60,Not Enrolled,Central,Hilltop,Mobile,5,26.5,Large
T00053,C033,P019,Bacon,Meat,Fresh Food,2025-03-17,2,5.4,10.8,Premium Shopper,41-60,Not Enrolled,Central,Hilltop,Mobile,5,26.5,Large
T00053,C033,P022,Sparkling Water,Beverages,Grocery,2025-03-17,2,1.1,2.2,Premium Shopper,41-60,Not Enrolled,Central,Hilltop,Mobile,5,26.5,Large
T00053,C033,P031,Pasta,Pantry,Grocery,2025-03-17,3,1.5,4.5,Premium Shopper,41-60,Not Enrolled,Central,Hilltop,Mobile,5,26.5,Large
T00053,C033,P048,Shampoo,Personal Care,Non-Food,2025-03-17,1,4.8,4.8,Premium Shopper,41-60,Not Enrolled,Central,Hilltop,Mobile,5,26.5,Large
T00045,C025,P025,Energy Drink,Beverages,Grocery,2025-03-19,3,2.2,6.6,Budget Shopper,26-40,Not Enrolled,Central,Riverside,Mobile,2,8.1,Small
T00045,C025,P031,Pasta,Pantry,Grocery,2025-03-19,1,1.5,1.5,Budget Shopper,26-40,Not Enrolled,Central,Riverside,Mobile,2,8.1,Small
T00047,C055,P003,Tomatoes,Produce,Fresh Food,2025-03-22,5,1.8,9.0,Student,18-25,Bronze,North,Eastpark,Card,4,21.9,Large
T00047,C055,P032,Pasta Sauce,Pantry,Grocery,2025-03-22,2,2.7,5.4,Student,18-25,Bronze,North,Eastpark,Card,4,21.9,Large
T00047,C055,P035,Sugar,Pantry,Grocery,2025-03-22,1,2.1,2.1,Student,18-25,Bronze,North,Eastpark,Card,4,21.9,Large
T00047,C055,P049,Toothpaste,Personal Care,Non-Food,2025-03-22,2,2.7,5.4,Student,18-25,Bronze,North,Eastpark,Card,4,21.9,Large
T00048,C056,P003,Tomatoes,Produce,Fresh Food,2025-03-23,1,1.8,1.8,Premium Shopper,41-60,Silver,South,Downtown,Card,6,35.9,Large
T00048,C056,P004,Lettuce,Produce,Fresh Food,2025-03-23,1,1.4,1.4,Premium Shopper,41-60,Silver,South,Downtown,Card,6,35.9,Large
T00048,C056,P019,Bacon,Meat,Fresh Food,2025-03-23,3,5.4,16.2,Premium Shopper,41-60,Silver,South,Downtown,Card,6,35.9,Large
T00048,C056,P021,Orange Juice,Beverages,Grocery,2025-03-23,1,3.4,3.4,Premium Shopper,41-60,Silver,South,Downtown,Card,6,35.9,Large
T00048,C056,P023,Coffee Beans,Beverages,Grocery,2025-03-23,1,8.9,8.9,Premium Shopper,41-60,Silver,South,Downtown,Card,6,35.9,Large
T00048,C056,P035,Sugar,Pantry,Grocery,2025-03-23,2,2.1,4.2,Premium Shopper,41-60,Silver,South,Downtown,Card,6,35.9,Large
T00039,C021,P003,Tomatoes,Produce,Fresh Food,2025-03-24,1,1.8,1.8,Family,41-60,Bronze,South,Eastpark,Card,6,40.7,Large
T00039,C021,P018,Ground Beef,Meat,Fresh Food,2025-03-24,1,7.2,7.2,Family,41-60,Bronze,South,Eastpark,Card,6,40.7,Large
T00039,C021,P037,Canned Beans,Pantry,Grocery,2025-03-24,5,1.1,5.5,Family,41-60,Bronze,South,Eastpark,Card,6,40.7,Large
T00039,C021,P038,Peanut Butter,Pantry,Grocery,2025-03-24,2,3.5,7.0,Family,41-60,Bronze,South,Eastpark,Card,6,40.7,Large
T00039,C021,P044,Paper Towels,Household,Non-Food,2025-03-24,3,5.5,16.5,Family,41-60,Bronze,South,Eastpark,Card,6,40.7,Large
T00039,C021,P049,Toothpaste,Personal Care,Non-Food,2025-03-24,1,2.7,2.7,Family,41-60,Bronze,South,Eastpark,Card,6,40.7,Large
T00056,C045,P027,Chocolate Bar,Snacks,Grocery,2025-03-24,1,1.3,1.3,Student,18-25,Silver,East,Eastpark,Card,2,3.7,Small
T00056,C045,P042,Frozen Vegetables,Frozen,Grocery,2025-03-24,1,2.4,2.4,Student,18-25,Silver,East,Eastpark,Card,2,3.7,Small
T00041,C026,P004,Lettuce,Produce,Fresh Food,2025-03-25,1,1.4,1.4,Family,41-60,Silver,North,Eastpark,Mobile,5,17.7,Large
T00041,C026,P011,Butter,Dairy,Fresh Food,2025-03-25,1,3.8,3.8,Family,41-60,Silver,North,Eastpark,Mobile,5,17.7,Large
T00041,C026,P013,White Bread,Bakery,Fresh Food,2025-03-25,4,1.9,7.6,Family,41-60,Silver,North,Eastpark,Mobile,5,17.7,Large
T00041,C026,P027,Chocolate Bar,Snacks,Grocery,2025-03-25,2,1.3,2.6,Family,41-60,Silver,North,Eastpark,Mobile,5,17.7,Large
T00041,C026,P030,Pretzels,Snacks,Grocery,2025-03-25,1,2.3,2.3,Family,41-60,Silver,North,Eastpark,Mobile,5,17.7,Large
T00042,C016,P008,Whole Milk,Dairy,Fresh Food,2025-03-26,4,2.1,8.4,Young Singles,26-40,Bronze,Central,Riverside,Card,3,13.5,Small
T00042,C016,P015,Bagels,Bakery,Fresh Food,2025-03-26,1,2.8,2.8,Young Singles,26-40,Bronze,Central,Riverside,Card,3,13.5,Small
T00042,C016,P030,Pretzels,Snacks,Grocery,2025-03-26,1,2.3,2.3,Young Singles,26-40,Bronze,Central,Riverside,Card,3,13.5,Small
T00038,C010,P008,Whole Milk,Dairy,Fresh Food,2025-03-27,1,2.1,2.1,Family,41-60,Silver,East,Downtown,Card,4,19.1,Large
T00038,C010,P019,Bacon,Meat,Fresh Food,2025-03-27,2,5.4,10.8,Family,41-60,Silver,East,Downtown,Card,4,19.1,Large
T00038,C010,P029,Popcorn,Snacks,Grocery,2025-03-27,2,2.0,4.0,Family,41-60,Silver,East,Downtown,Card,4,19.1,Large
T00038,C010,P037,Canned Beans,Pantry,Grocery,2025-03-27,2,1.1,2.2,Family,41-60,Silver,East,Downtown,Card,4,19.1,Large
T00069,C048,P021,Orange Juice,Beverages,Grocery,2025-04-03,1,3.4,3.4,Student,18-25,Bronze,South,Eastpark,Card,3,13.3,Small
T00069,C048,P024,Tea Bags,Beverages,Grocery,2025-04-03,1,3.6,3.6,Student,18-25,Bronze,South,Eastpark,Card,3,13.3,Small
T00069,C048,P035,Sugar,Pantry,Grocery,2025-04-03,3,2.1,6.3,Student,18-25,Bronze,South,Eastpark,Card,3,13.3,Small
T00072,C026,P021,Orange Juice,Beverages,Grocery,2025-04-03,2,3.4,6.8,Family,41-60,Silver,North,Downtown,Card,1,6.8,Single
T00080,C020,P008,Whole Milk,Dairy,Fresh Food,2025-04-03,4,2.1,8.4,Budget Shopper,26-40,Not Enrolled,East,Eastpark,Card,6,55.6,Large
T00080,C020,P034,Cereal,Pantry,Grocery,2025-04-03,1,3.9,3.9,Budget Shopper,26-40,Not Enrolled,East,Eastpark,Card,6,55.6,Large
T00080,C020,P043,Frozen Fries,Frozen,Grocery,2025-04-03,5,3.0,15.0,Budget Shopper,26-40,Not Enrolled,East,Eastpark,Card,6,55.6,Large
T00080,C020,P044,Paper Towels,Household,Non-Food,2025-04-03,2,5.5,11.0,Budget Shopper,26-40,Not Enrolled,East,Eastpark,Card,6,55.6,Large
T00080,C020,P045,Dish Soap,Household,Non-Food,2025-04-03,1,2.9,2.9,Budget Shopper,26-40,Not Enrolled,East,Eastpark,Card,6,55.6,Large
T00080,C020,P048,Shampoo,Personal Care,Non-Food,2025-04-03,3,4.8,14.4,Budget Shopper,26-40,Not Enrolled,East,Eastpark,Card,6,55.6,Large
T00066,C037,P007,Avocado,Produce,Fresh Food,2025-04-04,2,1.5,3.0,Young Singles,26-40,Not Enrolled,South,Eastpark,Card,2,11.9,Small
T00066,C037,P023,Coffee Beans,Beverages,Grocery,2025-04-04,1,8.9,8.9,Young Singles,26-40,Not Enrolled,South,Eastpark,Card,2,11.9,Small
T00065,C036,P008,Whole Milk,Dairy,Fresh Food,2025-04-05,4,2.1,8.4,Premium Shopper,41-60,Bronze,North,Downtown,Cash,3,22.5,Small
T00065,C036,P023,Coffee Beans,Beverages,Grocery,2025-04-05,1,8.9,8.9,Premium Shopper,41-60,Bronze,North,Downtown,Cash,3,22.5,Small
T00065,C036,P027,Chocolate Bar,Snacks,Grocery,2025-04-05,4,1.3,5.2,Premium Shopper,41-60,Bronze,North,Downtown,Cash,3,22.5,Small
T00060,C017,P005,Onions,Produce,Fresh Food,2025-04-06,2,0.9,1.8,Senior,60+,Bronze,North,Downtown,Card,3,7.5,Small
T00060,C017,P031,Pasta,Pantry,Grocery,2025-04-06,2,1.5,3.0,Senior,60+,Bronze,North,Downtown,Card,3,7.5,Small
T00060,C017,P032,Pasta Sauce,Pantry,Grocery,2025-04-06,1,2.7,2.7,Senior,60+,Bronze,North,Downtown,Card,3,7.5,Small
T00068,C018,P010,Greek Yogurt,Dairy,Fresh Food,2025-04-06,2,3.2,6.4,Young Singles,26-40,Bronze,East,Hilltop,Voucher,2,9.7,Small
T00068,C018,P037,Canned Beans,Pantry,Grocery,2025-04-06,3,1.1,3.3,Young Singles,26-40,Bronze,East,Hilltop,Voucher,2,9.7,Small
T00079,C007,P010,Greek Yogurt,Dairy,Fresh Food,2025-04-11,2,3.2,6.4,Family,41-60,Silver,Central,Eastpark,Mobile,4,22.3,Large
T00079,C007,P022,Sparkling Water,Beverages,Grocery,2025-04-11,1,1.1,1.1,Family,41-60,Silver,Central,Eastpark,Mobile,4,22.3,Large
T00079,C007,P039,Jam,Pantry,Grocery,2025-04-11,1,2.8,2.8,Family,41-60,Silver,Central,Eastpark,Mobile,4,22.3,Large
T00079,C007,P043,Frozen Fries,Frozen,Grocery,2025-04-11,4,3.0,12.0,Family,41-60,Silver,Central,Eastpark,Mobile,4,22.3,Large
T00076,C033,P019,Bacon,Meat,Fresh Food,2025-04-12,1,5.4,5.4,Premium Shopper,41-60,Not Enrolled,Central,Downtown,Card,1,5.4,Single
T00081,C050,P022,Sparkling Water,Beverages,Grocery,2025-04-17,3,1.1,3.3,Premium Shopper,41-60,Gold,Central,Eastpark,Mobile,1,3.3,Single
T00075,C042,P005,Onions,Produce,Fresh Food,2025-04-19,3,0.9,2.7,Student,18-25,Silver,East,Eastpark,Card,2,6.7,Small
T00075,C042,P029,Popcorn,Snacks,Grocery,2025-04-19,2,2.0,4.0,Student,18-25,Silver,East,Eastpark,Card,2,6.7,Small
T00071,C004,P008,Whole Milk,Dairy,Fresh Food,2025-04-20,1,2.1,2.1,Young Singles,26-40,Bronze,North,Downtown,Card,4,22.6,Large
T00071,C004,P017,Chicken Breast,Meat,Fresh Food,2025-04-20,2,6.5,13.0,Young Singles,26-40,Bronze,North,Downtown,Card,4,22.6,Large
T00071,C004,P042,Frozen Vegetables,Frozen,Grocery,2025-04-20,2,2.4,4.8,Young Singles,26-40,Bronze,North,Downtown,Card,4,22.6,Large
T00071,C004,P049,Toothpaste,Personal Care,Non-Food,2025-04-20,1,2.7,2.7,Young Singles,26-40,Bronze,North,Downtown,Card,4,22.6,Large
T00064,C060,P007,Avocado,Produce,Fresh Food,2025-04-22,3,1.5,4.5,Student,18-25,Silver,East,Westgate,Card,1,4.5,Single
T00070,C006,P014,Whole Wheat Bread,Bakery,Fresh Food,2025-04-22,2,2.4,4.8,Premium Shopper,41-60,Bronze,Central,Hilltop,Card,4,17.3,Large
T00070,C006,P018,Ground Beef,Meat,Fresh Food,2025-04-22,1,7.2,7.2,Premium Shopper,41-60,Bronze,Central,Hilltop,Card,4,17.3,Large
T00070,C006,P027,Chocolate Bar,Snacks,Grocery,2025-04-22,2,1.3,2.6,Premium Shopper,41-60,Bronze,Central,Hilltop,Card,4,17.3,Large
T00070,C006,P049,Toothpaste,Personal Care,Non-Food,2025-04-22,1,2.7,2.7,Premium Shopper,41-60,Bronze,Central,Hilltop,Card,4,17.3,Large
T00062,C059,P005,Onions,Produce,Fresh Food,2025-04-23,2,0.9,1.8,Budget Shopper,26-40,Gold,Central,Westgate,Card,4,43.9,Large
T00062,C059,P009,Cheddar Cheese,Dairy,Fresh Food,2025-04-23,5,4.5,22.5,Budget Shopper,26-40,Gold,Central,Westgate,Card,4,43.9,Large
T00062,C059,P018,Ground Beef,Meat,Fresh Food,2025-04-23,2,7.2,14.4,Budget Shopper,26-40,Gold,Central,Westgate,Card,4,43.9,Large
T00062,C059,P040,Frozen Pizza,Frozen,Grocery,2025-04-23,1,5.2,5.2,Budget Shopper,26-40,Gold,Central,Westgate,Card,4,43.9,Large
T00073,C041,P011,Butter,Dairy,Fresh Food,2025-04-23,3,3.8,11.4,Young Singles,26-40,Silver,North,Westgate,Card,6,28.9,Large
T00073,C041,P020,Cola,Beverages,Grocery,2025-04-23,1,1.6,1.6,Young Singles,26-40,Silver,North,Westgate,Card,6,28.9,Large
T00073,C041,P024,Tea Bags,Beverages,Grocery,2025-04-23,1,3.6,3.6,Young Singles,26-40,Silver,North,Westgate,Card,6,28.9,Large
T00073,C041,P035,Sugar,Pantry,Grocery,2025-04-23,2,2.1,4.2,Young Singles,26-40,Silver,North,Westgate,Card,6,28.9,Large
T00073,C041,P040,Frozen Pizza,Frozen,Grocery,2025-04-23,1,5.2,5.2,Young Singles,26-40,Silver,North,Westgate,Card,6,28.9,Large
T00073,C041,P045,Dish Soap,Household,Non-Food,2025-04-23,1,2.9,2.9,Young Singles,26-40,Silver,North,Westgate,Card,6,28.9,Large
T00078,C006,P008,Whole Milk,Dairy,Fresh Food,2025-04-23,1,2.1,2.1,Premium Shopper,41-60,Bronze,Central,Eastpark,Mobile,4,19.5,Large
T00078,C006,P011,Butter,Dairy,Fresh Food,2025-04-23,2,3.8,7.6,Premium Shopper,41-60,Bronze,Central,Eastpark,Mobile,4,19.5,Large
T00078,C006,P029,Popcorn,Snacks,Grocery,2025-04-23,1,2.0,2.0,Premium Shopper,41-60,Bronze,Central,Eastpark,Mobile,4,19.5,Large
T00078,C006,P034,Cereal,Pantry,Grocery,2025-04-23,2,3.9,7.8,Premium Shopper,41-60,Bronze,Central,Eastpark,Mobile,4,19.5,Large
T00059,C015,P009,Cheddar Cheese,Dairy,Fresh Food,2025-04-28,2,4.5,9.0,Premium Shopper,41-60,Not Enrolled,West,Hilltop,Mobile,4,21.5,Large
T00059,C015,P010,Greek Yogurt,Dairy,Fresh Food,2025-04-28,1,3.2,3.2,Premium Shopper,41-60,Not Enrolled,West,Hilltop,Mobile,4,21.5,Large
T00059,C015,P018,Ground Beef,Meat,Fresh Food,2025-04-28,1,7.2,7.2,Premium Shopper,41-60,Not Enrolled,West,Hilltop,Mobile,4,21.5,Large
T00059,C015,P035,Sugar,Pantry,Grocery,2025-04-28,1,2.1,2.1,Premium Shopper,41-60,Not Enrolled,West,Hilltop,Mobile,4,21.5,Large
T00063,C042,P011,Butter,Dairy,Fresh Food,2025-04-28,1,3.8,3.8,Student,18-25,Silver,East,Eastpark,Mobile,3,8.9,Small
T00063,C042,P015,Bagels,Bakery,Fresh Food,2025-04-28,1,2.8,2.8,Student,18-25,Silver,East,Eastpark,Mobile,3,8.9,Small
T00063,C042,P030,Pretzels,Snacks,Grocery,2025-04-28,1,2.3,2.3,Student,18-25,Silver,East,Eastpark,Mobile,3,8.9,Small
T00067,C036,P043,Frozen Fries,Frozen,Grocery,2025-04-28,3,3.0,9.0,Premium Shopper,41-60,Bronze,North,Eastpark,Cash,1,9.0,Single
T00077,C006,P003,Tomatoes,Produce,Fresh Food,2025-04-28,4,1.8,7.2,Premium Shopper,41-60,Bronze,Central,Eastpark,Cash,4,21.9,Large
T00077,C006,P029,Popcorn,Snacks,Grocery,2025-04-28,2,2.0,4.0,Premium Shopper,41-60,Bronze,Central,Eastpark,Cash,4,21.9,Large
T00077,C006,P037,Canned Beans,Pantry,Grocery,2025-04-28,1,1.1,1.1,Premium Shopper,41-60,Bronze,Central,Eastpark,Cash,4,21.9,Large
T00077,C006,P048,Shampoo,Personal Care,Non-Food,2025-04-28,2,4.8,9.6,Premium Shopper,41-60,Bronze,Central,Eastpark,Cash,4,21.9,Large
T00074,C050,P007,Avocado,Produce,Fresh Food,2025-04-29,3,1.5,4.5,Premium Shopper,41-60,Gold,Central,Hilltop,Card,5,31.5,Large
T00074,C050,P010,Greek Yogurt,Dairy,Fresh Food,2025-04-29,2,3.2,6.4,Premium Shopper,41-60,Gold,Central,Hilltop,Card,5,31.5,Large
T00074,C050,P016,Croissant,Bakery,Fresh Food,2025-04-29,3,3.1,9.3,Premium Shopper,41-60,Gold,Central,Hilltop,Card,5,31.5,Large
T00074,C050,P017,Chicken Breast,Meat,Fresh Food,2025-04-29,1,6.5,6.5,Premium Shopper,41-60,Gold,Central,Hilltop,Card,5,31.5,Large
T00074,C050,P042,Frozen Vegetables,Frozen,Grocery,2025-04-29,2,2.4,4.8,Premium Shopper,41-60,Gold,Central,Hilltop,Card,5,31.5,Large
T00061,C056,P031,Pasta,Pantry,Grocery,2025-04-30,1,1.5,1.5,Premium Shopper,41-60,Silver,South,Eastpark,Card,1,1.5,Single
T00090,C023,P009,Cheddar Cheese,Dairy,Fresh Food,2025-05-02,2,4.5,9.0,Premium Shopper,41-60,Bronze,Central,Eastpark,Card,5,24.1,Large
T00090,C023,P030,Pretzels,Snacks,Grocery,2025-05-02,1,2.3,2.3,Premium Shopper,41-60,Bronze,Central,Eastpark,Card,5,24.1,Large
T00090,C023,P031,Pasta,Pantry,Grocery,2025-05-02,1,1.5,1.5,Premium Shopper,41-60,Bronze,Central,Eastpark,Card,5,24.1,Large
T00090,C023,P044,Paper Towels,Household,Non-Food,2025-05-02,1,5.5,5.5,Premium Shopper,41-60,Bronze,Central,Eastpark,Card,5,24.1,Large
T00090,C023,P045,Dish Soap,Household,Non-Food,2025-05-02,2,2.9,5.8,Premium Shopper,41-60,Bronze,Central,Eastpark,Card,5,24.1,Large
T00097,C052,P011,Butter,Dairy,Fresh Food,2025-05-03,2,3.8,7.6,Young Singles,26-40,Not Enrolled,East,Hilltop,Mobile,3,21.6,Small
T00097,C052,P019,Bacon,Meat,Fresh Food,2025-05-03,2,5.4,10.8,Young Singles,26-40,Not Enrolled,East,Hilltop,Mobile,3,21.6,Small
T00097,C052,P020,Cola,Beverages,Grocery,2025-05-03,2,1.6,3.2,Young Singles,26-40,Not Enrolled,East,Hilltop,Mobile,3,21.6,Small
T00087,C004,P008,Whole Milk,Dairy,Fresh Food,2025-05-04,2,2.1,4.2,Young Singles,26-40,Bronze,North,Riverside,Card,3,12.4,Small
T00087,C004,P032,Pasta Sauce,Pantry,Grocery,2025-05-04,2,2.7,5.4,Young Singles,26-40,Bronze,North,Riverside,Card,3,12.4,Small
T00087,C004,P039,Jam,Pantry,Grocery,2025-05-04,1,2.8,2.8,Young Singles,26-40,Bronze,North,Riverside,Card,3,12.4,Small
T00113,C034,P021,Orange Juice,Beverages,Grocery,2025-05-06,1,3.4,3.4,Budget Shopper,26-40,Gold,West,Riverside,Cash,3,19.4,Small
T00113,C034,P025,Energy Drink,Beverages,Grocery,2025-05-06,1,2.2,2.2,Budget Shopper,26-40,Gold,West,Riverside,Cash,3,19.4,Small
T00113,C034,P041,Ice Cream,Frozen,Grocery,2025-05-06,3,4.6,13.8,Budget Shopper,26-40,Gold,West,Riverside,Cash,3,19.4,Small
T00124,C031,P020,Cola,Beverages,Grocery,2025-05-06,2,1.6,3.2,Student,18-25,Bronze,East,Riverside,Cash,3,16.8,Small
T00124,C031,P036,Olive Oil,Pantry,Grocery,2025-05-06,1,7.8,7.8,Student,18-25,Bronze,East,Riverside,Cash,3,16.8,Small
T00124,C031,P045,Dish Soap,Household,Non-Food,2025-05-06,2,2.9,5.8,Student,18-25,Bronze,East,Riverside,Cash,3,16.8,Small
T00098,C051,P024,Tea Bags,Beverages,Grocery,2025-05-07,4,3.6,14.4,Young Singles,26-40,Bronze,West,Riverside,Card,3,26.0,Small
T00098,C051,P035,Sugar,Pantry,Grocery,2025-05-07,5,2.1,10.5,Young Singles,26-40,Bronze,West,Riverside,Card,3,26.0,Small
T00098,C051,P037,Canned Beans,Pantry,Grocery,2025-05-07,1,1.1,1.1,Young Singles,26-40,Bronze,West,Riverside,Card,3,26.0,Small
T00103,C050,P019,Bacon,Meat,Fresh Food,2025-05-07,1,5.4,5.4,Premium Shopper,41-60,Gold,Central,Eastpark,Card,3,14.2,Small
T00103,C050,P035,Sugar,Pantry,Grocery,2025-05-07,2,2.1,4.2,Premium Shopper,41-60,Gold,Central,Eastpark,Card,3,14.2,Small
T00103,C050,P041,Ice Cream,Frozen,Grocery,2025-05-07,1,4.6,4.6,Premium Shopper,41-60,Gold,Central,Eastpark,Card,3,14.2,Small
T00213,C037,P007,Avocado,Produce,Fresh Food,2025-05-09,3,1.5,4.5,Young Singles,26-40,Not Enrolled,South,Eastpark,Cash,2,7.8,Small
T00213,C037,P037,Canned Beans,Pantry,Grocery,2025-05-09,3,1.1,3.3,Young Singles,26-40,Not Enrolled,South,Eastpark,Cash,2,7.8,Small
T00083,C052,P029,Popcorn,Snacks,Grocery,2025-05-10,1,2.0,2.0,Young Singles,26-40,Not Enrolled,East,Westgate,Mobile,4,14.4,Large
T00083,C052,P030,Pretzels,Snacks,Grocery,2025-05-10,3,2.3,6.9,Young Singles,26-40,Not Enrolled,East,Westgate,Mobile,4,14.4,Large
T00083,C052,P037,Canned Beans,Pantry,Grocery,2025-05-10,1,1.1,1.1,Young Singles,26-40,Not Enrolled,East,Westgate,Mobile,4,14.4,Large
T00083,C052,P050,Hand Soap,Personal Care,Non-Food,2025-05-10,2,2.2,4.4,Young Singles,26-40,Not Enrolled,East,Westgate,Mobile,4,14.4,Large
T00086,C059,P006,Carrots,Produce,Fresh Food,2025-05-10,2,0.85,1.7,Budget Shopper,26-40,Gold,Central,Westgate,Mobile,4,20.9,Large
T00086,C059,P020,Cola,Beverages,Grocery,2025-05-10,1,1.6,1.6,Budget Shopper,26-40,Gold,Central,Westgate,Mobile,4,20.9,Large
T00086,C059,P029,Popcorn,Snacks,Grocery,2025-05-10,1,2.0,2.0,Budget Shopper,26-40,Gold,Central,Westgate,Mobile,4,20.9,Large
T00086,C059,P040,Frozen Pizza,Frozen,Grocery,2025-05-10,3,5.2,15.6,Budget Shopper,26-40,Gold,Central,Westgate,Mobile,4,20.9,Large
T00088,C016,P024,Tea Bags,Beverages,Grocery,2025-05-12,5,3.6,18.0,Young Singles,26-40,Bronze,Central,Eastpark,Card,2,22.2,Small
T00088,C016,P035,Sugar,Pantry,Grocery,2025-05-12,2,2.1,4.2,Young Singles,26-40,Bronze,Central,Eastpark,Card,2,22.2,Small
T00089,C056,P002,Apples,Produce,Fresh Food,2025-05-13,2,1.2,2.4,Premium Shopper,41-60,Silver,South,Westgate,Card,3,33.9,Small
T00089,C056,P023,Coffee Beans,Beverages,Grocery,2025-05-13,3,8.9,26.7,Premium Shopper,41-60,Silver,South,Westgate,Card,3,33.9,Small
T00089,C056,P048,Shampoo,Personal Care,Non-Food,2025-05-13,1,4.8,4.8,Premium Shopper,41-60,Silver,South,Westgate,Card,3,33.9,Small
T00105,C009,P008,Whole Milk,Dairy,Fresh Food,2025-05-13,1,2.1,2.1,Senior,60+,Silver,North,Hilltop,Cash,2,9.3,Small
T00105,C009,P018,Ground Beef,Meat,Fresh Food,2025-05-13,1,7.2,7.2,Senior,60+,Silver,North,Hilltop,Cash,2,9.3,Small
T00107,C032,P014,Whole Wheat Bread,Bakery,Fresh Food,2025-05-15,1,2.4,2.4,Family,41-60,Not Enrolled,Central,Hilltop,Cash,3,16.3,Small
T00107,C032,P016,Croissant,Bakery,Fresh Food,2025-05-15,3,3.1,9.3,Family,41-60,Not Enrolled,Central,Hilltop,Cash,3,16.3,Small
T00107,C032,P030,Pretzels,Snacks,Grocery,2025-05-15,2,2.3,4.6,Family,41-60,Not Enrolled,Central,Hilltop,Cash,3,16.3,Small
T00099,C034,P021,Orange Juice,Beverages,Grocery,2025-05-16,2,3.4,6.8,Budget Shopper,26-40,Gold,West,Westgate,Mobile,1,6.8,Single
T00085,C024,P007,Avocado,Produce,Fresh Food,2025-05-17,3,1.5,4.5,Student,18-25,Not Enrolled,West,Riverside,Card,2,14.7,Small
T00085,C024,P021,Orange Juice,Beverages,Grocery,2025-05-17,3,3.4,10.2,Student,18-25,Not Enrolled,West,Riverside,Card,2,14.7,Small
T00091,C031,P004,Lettuce,Produce,Fresh Food,2025-05-18,1,1.4,1.4,Student,18-25,Bronze,East,Hilltop,Card,2,5.8,Small
T00091,C031,P050,Hand Soap,Personal Care,Non-Food,2025-05-18,2,2.2,4.4,Student,18-25,Bronze,East,Hilltop,Card,2,5.8,Small
T00082,C025,P003,Tomatoes,Produce,Fresh Food,2025-05-20,1,1.8,1.8,Budget Shopper,26-40,Not Enrolled,Central,Riverside,Card,4,11.7,Large
T00082,C025,P011,Butter,Dairy,Fresh Food,2025-05-20,1,3.8,3.8,Budget Shopper,26-40,Not Enrolled,Central,Riverside,Card,4,11.7,Large
T00082,C025,P029,Popcorn,Snacks,Grocery,2025-05-20,1,2.0,2.0,Budget Shopper,26-40,Not Enrolled,Central,Riverside,Card,4,11.7,Large
T00082,C025,P047,Trash Bags,Household,Non-Food,2025-05-20,1,4.1,4.1,Budget Shopper,26-40,Not Enrolled,Central,Riverside,Card,4,11.7,Large
T00096,C019,P012,Eggs,Dairy,Fresh Food,2025-05-20,4,2.6,10.4,Young Singles,26-40,Silver,North,Westgate,Card,1,10.4,Single
T00084,C031,P006,Carrots,Produce,Fresh Food,2025-05-21,1,0.85,0.85,Student,18-25,Bronze,East,Hilltop,Cash,5,28.35,Large
T00084,C031,P008,Whole Milk,Dairy,Fresh Food,2025-05-21,1,2.1,2.1,Student,18-25,Bronze,East,Hilltop,Cash,5,28.35,Large
T00084,C031,P011,Butter,Dairy,Fresh Food,2025-05-21,1,3.8,3.8,Student,18-25,Bronze,East,Hilltop,Cash,5,28.35,Large
T00084,C031,P019,Bacon,Meat,Fresh Food,2025-05-21,2,5.4,10.8,Student,18-25,Bronze,East,Hilltop,Cash,5,28.35,Large
T00084,C031,P049,Toothpaste,Personal Care,Non-Food,2025-05-21,4,2.7,10.8,Student,18-25,Bronze,East,Hilltop,Cash,5,28.35,Large
T00095,C018,P008,Whole Milk,Dairy,Fresh Food,2025-05-21,1,2.1,2.1,Young Singles,26-40,Bronze,East,Riverside,Voucher,2,9.9,Small
T00095,C018,P034,Cereal,Pantry,Grocery,2025-05-21,2,3.9,7.8,Young Singles,26-40,Bronze,East,Riverside,Voucher,2,9.9,Small
T00100,C034,P009,Cheddar Cheese,Dairy,Fresh Food,2025-05-22,1,4.5,4.5,Budget Shopper,26-40,Gold,West,Hilltop,Card,3,10.8,Small
T00100,C034,P038,Peanut Butter,Pantry,Grocery,2025-05-22,1,3.5,3.5,Budget Shopper,26-40,Gold,West,Hilltop,Card,3,10.8,Small
T00100,C034,P039,Jam,Pantry,Grocery,2025-05-22,1,2.8,2.8,Budget Shopper,26-40,Gold,West,Hilltop,Card,3,10.8,Small
T00104,C004,P010,Greek Yogurt,Dairy,Fresh Food,2025-05-23,3,3.2,9.6,Young Singles,26-40,Bronze,North,Riverside,Card,2,12.4,Small
T00104,C004,P039,Jam,Pantry,Grocery,2025-05-23,1,2.8,2.8,Young Singles,26-40,Bronze,North,Riverside,Card,2,12.4,Small
T00094,C029,P003,Tomatoes,Produce,Fresh Food,2025-05-26,2,1.8,3.6,Premium Shopper,41-60,Silver,East,Downtown,Card,4,25.5,Large
T00094,C029,P024,Tea Bags,Beverages,Grocery,2025-05-26,4,3.6,14.4,Premium Shopper,41-60,Silver,East,Downtown,Card,4,25.5,Large
T00094,C029,P035,Sugar,Pantry,Grocery,2025-05-26,2,2.1,4.2,Premium Shopper,41-60,Silver,East,Downtown,Card,4,25.5,Large
T00094,C029,P037,Canned Beans,Pantry,Grocery,2025-05-26,3,1.1,3.3,Premium Shopper,41-60,Silver,East,Downtown,Card,4,25.5,Large
T00102,C060,P042,Frozen Vegetables,Frozen,Grocery,2025-05-27,3,2.4,7.2,Student,18-25,Silver,East,Eastpark,Card,1,7.2,Single
T00106,C040,P021,Orange Juice,Beverages,Grocery,2025-05-28,2,3.4,6.8,Premium Shopper,41-60,Not Enrolled,Central,Westgate,Card,2,7.9,Small
T00106,C040,P037,Canned Beans,Pantry,Grocery,2025-05-28,1,1.1,1.1,Premium Shopper,41-60,Not Enrolled,Central,Westgate,Card,2,7.9,Small
T00092,C026,P006,Carrots,Produce,Fresh Food,2025-05-29,1,0.85,0.85,Family,41-60,Silver,North,Westgate,Mobile,6,25.65,Large
T00092,C026,P008,Whole Milk,Dairy,Fresh Food,2025-05-29,2,2.1,4.2,Family,41-60,Silver,North,Westgate,Mobile,6,25.65,Large
T00092,C026,P024,Tea Bags,Beverages,Grocery,2025-05-29,2,3.6,7.2,Family,41-60,Silver,North,Westgate,Mobile,6,25.65,Large
T00092,C026,P032,Pasta Sauce,Pantry,Grocery,2025-05-29,1,2.7,2.7,Family,41-60,Silver,North,Westgate,Mobile,6,25.65,Large
T00092,C026,P034,Cereal,Pantry,Grocery,2025-05-29,2,3.9,7.8,Family,41-60,Silver,North,Westgate,Mobile,6,25.65,Large
T00092,C026,P045,Dish Soap,Household,Non-Food,2025-05-29,1,2.9,2.9,Family,41-60,Silver,North,Westgate,Mobile,6,25.65,Large
T00117,C007,P001,Bananas,Produce,Fresh Food,2025-06-02,3,0.59,1.77,Family,41-60,Silver,Central,Westgate,Card,4,58.97,Large
T00117,C007,P009,Cheddar Cheese,Dairy,Fresh Food,2025-06-02,2,4.5,9.0,Family,41-60,Silver,Central,Westgate,Card,4,58.97,Large
T00117,C007,P036,Olive Oil,Pantry,Grocery,2025-06-02,5,7.8,39.0,Family,41-60,Silver,Central,Westgate,Card,4,58.97,Large
T00117,C007,P041,Ice Cream,Frozen,Grocery,2025-06-02,2,4.6,9.2,Family,41-60,Silver,Central,Westgate,Card,4,58.97,Large
T00119,C054,P003,Tomatoes,Produce,Fresh Food,2025-06-02,1,1.8,1.8,Premium Shopper,41-60,Gold,North,Westgate,Mobile,4,12.7,Large
T00119,C054,P019,Bacon,Meat,Fresh Food,2025-06-02,1,5.4,5.4,Premium Shopper,41-60,Gold,North,Westgate,Mobile,4,12.7,Large
T00119,C054,P022,Sparkling Water,Beverages,Grocery,2025-06-02,1,1.1,1.1,Premium Shopper,41-60,Gold,North,Westgate,Mobile,4,12.7,Large
T00119,C054,P025,Energy Drink,Beverages,Grocery,2025-06-02,2,2.2,4.4,Premium Shopper,41-60,Gold,North,Westgate,Mobile,4,12.7,Large
T00135,C018,P013,White Bread,Bakery,Fresh Food,2025-06-02,1,1.9,1.9,Young Singles,26-40,Bronze,East,Westgate,Mobile,5,50.1,Large
T00135,C018,P014,Whole Wheat Bread,Bakery,Fresh Food,2025-06-02,5,2.4,12.0,Young Singles,26-40,Bronze,East,Westgate,Mobile,5,50.1,Large
T00135,C018,P036,Olive Oil,Pantry,Grocery,2025-06-02,2,7.8,15.6,Young Singles,26-40,Bronze,East,Westgate,Mobile,5,50.1,Large
T00135,C018,P039,Jam,Pantry,Grocery,2025-06-02,2,2.8,5.6,Young Singles,26-40,Bronze,East,Westgate,Mobile,5,50.1,Large
T00135,C018,P043,Frozen Fries,Frozen,Grocery,2025-06-02,5,3.0,15.0,Young Singles,26-40,Bronze,East,Westgate,Mobile,5,50.1,Large
T00109,C026,P003,Tomatoes,Produce,Fresh Food,2025-06-04,3,1.8,5.4,Family,41-60,Silver,North,Hilltop,Mobile,6,42.0,Large
T00109,C026,P009,Cheddar Cheese,Dairy,Fresh Food,2025-06-04,2,4.5,9.0,Family,41-60,Silver,North,Hilltop,Mobile,6,42.0,Large
T00109,C026,P010,Greek Yogurt,Dairy,Fresh Food,2025-06-04,2,3.2,6.4,Family,41-60,Silver,North,Hilltop,Mobile,6,42.0,Large
T00109,C026,P013,White Bread,Bakery,Fresh Food,2025-06-04,4,1.9,7.6,Family,41-60,Silver,North,Hilltop,Mobile,6,42.0,Large
T00109,C026,P039,Jam,Pantry,Grocery,2025-06-04,1,2.8,2.8,Family,41-60,Silver,North,Hilltop,Mobile,6,42.0,Large
T00109,C026,P049,Toothpaste,Personal Care,Non-Food,2025-06-04,4,2.7,10.8,Family,41-60,Silver,North,Hilltop,Mobile,6,42.0,Large
T00120,C055,P011,Butter,Dairy,Fresh Food,2025-06-05,1,3.8,3.8,Student,18-25,Bronze,North,Eastpark,Cash,2,12.0,Small
T00120,C055,P047,Trash Bags,Household,Non-Food,2025-06-05,2,4.1,8.2,Student,18-25,Bronze,North,Eastpark,Cash,2,12.0,Small
T00115,C045,P008,Whole Milk,Dairy,Fresh Food,2025-06-07,2,2.1,4.2,Student,18-25,Silver,East,Westgate,Card,6,70.2,Large
T00115,C045,P018,Ground Beef,Meat,Fresh Food,2025-06-07,5,7.2,36.0,Student,18-25,Silver,East,Westgate,Card,6,70.2,Large
T00115,C045,P019,Bacon,Meat,Fresh Food,2025-06-07,4,5.4,21.6,Student,18-25,Silver,East,Westgate,Card,6,70.2,Large
T00115,C045,P020,Cola,Beverages,Grocery,2025-06-07,2,1.6,3.2,Student,18-25,Silver,East,Westgate,Card,6,70.2,Large
T00115,C045,P037,Canned Beans,Pantry,Grocery,2025-06-07,1,1.1,1.1,Student,18-25,Silver,East,Westgate,Card,6,70.2,Large
T00115,C045,P047,Trash Bags,Household,Non-Food,2025-06-07,1,4.1,4.1,Student,18-25,Silver,East,Westgate,Card,6,70.2,Large
T00108,C035,P004,Lettuce,Produce,Fresh Food,2025-06-10,2,1.4,2.8,Senior,60+,Not Enrolled,South,Downtown,Mobile,5,25.1,Large
T00108,C035,P024,Tea Bags,Beverages,Grocery,2025-06-10,1,3.6,3.6,Senior,60+,Not Enrolled,South,Downtown,Mobile,5,25.1,Large
T00108,C035,P035,Sugar,Pantry,Grocery,2025-06-10,2,2.1,4.2,Senior,60+,Not Enrolled,South,Downtown,Mobile,5,25.1,Large
T00108,C035,P037,Canned Beans,Pantry,Grocery,2025-06-10,2,1.1,2.2,Senior,60+,Not Enrolled,South,Downtown,Mobile,5,25.1,Large
T00108,C035,P047,Trash Bags,Household,Non-Food,2025-06-10,3,4.1,12.3,Senior,60+,Not Enrolled,South,Downtown,Mobile,5,25.1,Large
T00118,C042,P035,Sugar,Pantry,Grocery,2025-06-10,4,2.1,8.4,Student,18-25,Silver,East,Downtown,Mobile,3,35.1,Small
T00118,C042,P047,Trash Bags,Household,Non-Food,2025-06-10,3,4.1,12.3,Student,18-25,Silver,East,Downtown,Mobile,3,35.1,Small
T00118,C042,P048,Shampoo,Personal Care,Non-Food,2025-06-10,3,4.8,14.4,Student,18-25,Silver,East,Downtown,Mobile,3,35.1,Small
T00132,C037,P010,Greek Yogurt,Dairy,Fresh Food,2025-06-11,1,3.2,3.2,Young Singles,26-40,Not Enrolled,South,Eastpark,Mobile,2,14.2,Small
T00132,C037,P025,Energy Drink,Beverages,Grocery,2025-06-11,5,2.2,11.0,Young Singles,26-40,Not Enrolled,South,Eastpark,Mobile,2,14.2,Small
T00131,C039,P014,Whole Wheat Bread,Bakery,Fresh Food,2025-06-15,3,2.4,7.2,Budget Shopper,26-40,Bronze,West,Downtown,Card,3,19.5,Small
T00131,C039,P035,Sugar,Pantry,Grocery,2025-06-15,2,2.1,4.2,Budget Shopper,26-40,Bronze,West,Downtown,Card,3,19.5,Small
T00131,C039,P049,Toothpaste,Personal Care,Non-Food,2025-06-15,3,2.7,8.1,Budget Shopper,26-40,Bronze,West,Downtown,Card,3,19.5,Small
T00116,C014,P007,Avocado,Produce,Fresh Food,2025-06-16,2,1.5,3.0,Senior,60+,Silver,West,Riverside,Mobile,3,21.9,Small
T00116,C014,P009,Cheddar Cheese,Dairy,Fresh Food,2025-06-16,1,4.5,4.5,Senior,60+,Silver,West,Riverside,Mobile,3,21.9,Small
T00116,C014,P018,Ground Beef,Meat,Fresh Food,2025-06-16,2,7.2,14.4,Senior,60+,Silver,West,Riverside,Mobile,3,21.9,Small
T00134,C016,P004,Lettuce,Produce,Fresh Food,2025-06-16,2,1.4,2.8,Young Singles,26-40,Bronze,Central,Riverside,Card,5,18.1,Large
T00134,C016,P020,Cola,Beverages,Grocery,2025-06-16,1,1.6,1.6,Young Singles,26-40,Bronze,Central,Riverside,Card,5,18.1,Large
T00134,C016,P027,Chocolate Bar,Snacks,Grocery,2025-06-16,1,1.3,1.3,Young Singles,26-40,Bronze,Central,Riverside,Card,5,18.1,Large
T00134,C016,P036,Olive Oil,Pantry,Grocery,2025-06-16,1,7.8,7.8,Young Singles,26-40,Bronze,Central,Riverside,Card,5,18.1,Large
T00134,C016,P041,Ice Cream,Frozen,Grocery,2025-06-16,1,4.6,4.6,Young Singles,26-40,Bronze,Central,Riverside,Card,5,18.1,Large
T00110,C054,P002,Apples,Produce,Fresh Food,2025-06-17,1,1.2,1.2,Premium Shopper,41-60,Gold,North,Eastpark,Cash,2,12.2,Small
T00110,C054,P025,Energy Drink,Beverages,Grocery,2025-06-17,5,2.2,11.0,Premium Shopper,41-60,Gold,North,Eastpark,Cash,2,12.2,Small
T00126,C029,P029,Popcorn,Snacks,Grocery,2025-06-17,3,2.0,6.0,Premium Shopper,41-60,Silver,East,Downtown,Mobile,3,19.4,Small
T00126,C029,P033,Rice,Pantry,Grocery,2025-06-17,1,4.2,4.2,Premium Shopper,41-60,Silver,East,Downtown,Mobile,3,19.4,Small
T00126,C029,P041,Ice Cream,Frozen,Grocery,2025-06-17,2,4.6,9.2,Premium Shopper,41-60,Silver,East,Downtown,Mobile,3,19.4,Small
T00129,C026,P002,Apples,Produce,Fresh Food,2025-06-18,2,1.2,2.4,Family,41-60,Silver,North,Eastpark,Card,5,20.4,Large
T00129,C026,P020,Cola,Beverages,Grocery,2025-06-18,3,1.6,4.8,Family,41-60,Silver,North,Eastpark,Card,5,20.4,Large
T00129,C026,P030,Pretzels,Snacks,Grocery,2025-06-18,1,2.3,2.3,Family,41-60,Silver,North,Eastpark,Card,5,20.4,Large
T00129,C026,P044,Paper Towels,Household,Non-Food,2025-06-18,1,5.5,5.5,Family,41-60,Silver,North,Eastpark,Card,5,20.4,Large
T00129,C026,P049,Toothpaste,Personal Care,Non-Food,2025-06-18,2,2.7,5.4,Family,41-60,Silver,North,Eastpark,Card,5,20.4,Large
T00133,C038,P023,Coffee Beans,Beverages,Grocery,2025-06-18,1,8.9,8.9,Student,18-25,Bronze,North,Riverside,Cash,3,20.1,Small
T00133,C038,P025,Energy Drink,Beverages,Grocery,2025-06-18,1,2.2,2.2,Student,18-25,Bronze,North,Riverside,Cash,3,20.1,Small
T00133,C038,P043,Frozen Fries,Frozen,Grocery,2025-06-18,3,3.0,9.0,Student,18-25,Bronze,North,Riverside,Cash,3,20.1,Small
T00112,C045,P014,Whole Wheat Bread,Bakery,Fresh Food,2025-06-19,3,2.4,7.2,Student,18-25,Silver,East,Downtown,Card,3,20.1,Small
T00112,C045,P027,Chocolate Bar,Snacks,Grocery,2025-06-19,1,1.3,1.3,Student,18-25,Silver,East,Downtown,Card,3,20.1,Small
T00112,C045,P045,Dish Soap,Household,Non-Food,2025-06-19,4,2.9,11.6,Student,18-25,Silver,East,Downtown,Card,3,20.1,Small
T00114,C052,P020,Cola,Beverages,Grocery,2025-06-21,1,1.6,1.6,Young Singles,26-40,Not Enrolled,East,Hilltop,Cash,2,9.4,Small
T00114,C052,P036,Olive Oil,Pantry,Grocery,2025-06-21,1,7.8,7.8,Young Singles,26-40,Not Enrolled,East,Hilltop,Cash,2,9.4,Small
T00128,C047,P006,Carrots,Produce,Fresh Food,2025-06-21,1,0.85,0.85,Young Singles,26-40,Silver,East,Westgate,Card,3,8.45,Small
T00128,C047,P020,Cola,Beverages,Grocery,2025-06-21,2,1.6,3.2,Young Singles,26-40,Silver,East,Westgate,Card,3,8.45,Small
T00128,C047,P025,Energy Drink,Beverages,Grocery,2025-06-21,2,2.2,4.4,Young Singles,26-40,Silver,East,Westgate,Card,3,8.45,Small
T00123,C008,P025,Energy Drink,Beverages,Grocery,2025-06-22,2,2.2,4.4,Budget Shopper,26-40,Not Enrolled,Central,Westgate,Card,3,37.2,Small
T00123,C008,P041,Ice Cream,Frozen,Grocery,2025-06-22,1,4.6,4.6,Budget Shopper,26-40,Not Enrolled,Central,Westgate,Card,3,37.2,Small
T00123,C008,P046,Laundry Detergent,Household,Non-Food,2025-06-22,3,9.4,28.2,Budget Shopper,26-40,Not Enrolled,Central,Westgate,Card,3,37.2,Small
T00130,C027,P014,Whole Wheat Bread,Bakery,Fresh Food,2025-06-22,1,2.4,2.4,Family,41-60,Silver,East,Eastpark,Mobile,1,2.4,Single
T00122,C018,P042,Frozen Vegetables,Frozen,Grocery,2025-06-25,1,2.4,2.4,Young Singles,26-40,Bronze,East,Hilltop,Card,1,2.4,Single
T00111,C058,P038,Peanut Butter,Pantry,Grocery,2025-06-26,1,3.5,3.5,Family,41-60,Not Enrolled,Central,Downtown,Cash,4,28.6,Large
T00111,C058,P039,Jam,Pantry,Grocery,2025-06-26,3,2.8,8.4,Family,41-60,Not Enrolled,Central,Downtown,Cash,4,28.6,Large
T00111,C058,P047,Trash Bags,Household,Non-Food,2025-06-26,3,4.1,12.3,Family,41-60,Not Enrolled,Central,Downtown,Cash,4,28.6,Large
T00111,C058,P050,Hand Soap,Personal Care,Non-Food,2025-06-26,2,2.2,4.4,Family,41-60,Not Enrolled,Central,Downtown,Cash,4,28.6,Large
T00121,C019,P021,Orange Juice,Beverages,Grocery,2025-06-26,1,3.4,3.4,Young Singles,26-40,Silver,North,Eastpark,Mobile,4,14.7,Large
T00121,C019,P026,Potato Chips,Snacks,Grocery,2025-06-26,1,2.5,2.5,Young Singles,26-40,Silver,North,Eastpark,Mobile,4,14.7,Large
T00121,C019,P033,Rice,Pantry,Grocery,2025-06-26,1,4.2,4.2,Young Singles,26-40,Silver,North,Eastpark,Mobile,4,14.7,Large
T00121,C019,P041,Ice Cream,Frozen,Grocery,2025-06-26,1,4.6,4.6,Young Singles,26-40,Silver,North,Eastpark,Mobile,4,14.7,Large
T00127,C020,P023,Coffee Beans,Beverages,Grocery,2025-06-26,2,8.9,17.8,Budget Shopper,26-40,Not Enrolled,East,Downtown,Card,4,38.9,Large
T00127,C020,P028,Cookies,Snacks,Grocery,2025-06-26,1,2.9,2.9,Budget Shopper,26-40,Not Enrolled,East,Downtown,Card,4,38.9,Large
T00127,C020,P038,Peanut Butter,Pantry,Grocery,2025-06-26,2,3.5,7.0,Budget Shopper,26-40,Not Enrolled,East,Downtown,Card,4,38.9,Large
T00127,C020,P039,Jam,Pantry,Grocery,2025-06-26,4,2.8,11.2,Budget Shopper,26-40,Not Enrolled,East,Downtown,Card,4,38.9,Large
T00125,C051,P008,Whole Milk,Dairy,Fresh Food,2025-06-28,1,2.1,2.1,Young Singles,26-40,Bronze,West,Downtown,Cash,3,6.4,Small
T00125,C051,P020,Cola,Beverages,Grocery,2025-06-28,2,1.6,3.2,Young Singles,26-40,Bronze,West,Downtown,Cash,3,6.4,Small
T00125,C051,P037,Canned Beans,Pantry,Grocery,2025-06-28,1,1.1,1.1,Young Singles,26-40,Bronze,West,Downtown,Cash,3,6.4,Small
T00140,C034,P001,Bananas,Produce,Fresh Food,2025-07-02,2,0.59,1.18,Budget Shopper,26-40,Gold,West,Downtown,Mobile,5,22.28,Large
T00140,C034,P004,Lettuce,Produce,Fresh Food,2025-07-02,2,1.4,2.8,Budget Shopper,26-40,Gold,West,Downtown,Mobile,5,22.28,Large
T00140,C034,P009,Cheddar Cheese,Dairy,Fresh Food,2025-07-02,2,4.5,9.0,Budget Shopper,26-40,Gold,West,Downtown,Mobile,5,22.28,Large
T00140,C034,P027,Chocolate Bar,Snacks,Grocery,2025-07-02,3,1.3,3.9,Budget Shopper,26-40,Gold,West,Downtown,Mobile,5,22.28,Large
T00140,C034,P049,Toothpaste,Personal Care,Non-Food,2025-07-02,2,2.7,5.4,Budget Shopper,26-40,Gold,West,Downtown,Mobile,5,22.28,Large
T00148,C007,P002,Apples,Produce,Fresh Food,2025-07-02,2,1.2,2.4,Family,41-60,Silver,Central,Westgate,Card,4,19.4,Large
T00148,C007,P021,Orange Juice,Beverages,Grocery,2025-07-02,2,3.4,6.8,Family,41-60,Silver,Central,Westgate,Card,4,19.4,Large
T00148,C007,P026,Potato Chips,Snacks,Grocery,2025-07-02,2,2.5,5.0,Family,41-60,Silver,Central,Westgate,Card,4,19.4,Large
T00148,C007,P040,Frozen Pizza,Frozen,Grocery,2025-07-02,1,5.2,5.2,Family,41-60,Silver,Central,Westgate,Card,4,19.4,Large
T00151,C009,P002,Apples,Produce,Fresh Food,2025-07-04,2,1.2,2.4,Senior,60+,Silver,North,Downtown,Card,3,8.2,Small
T00151,C009,P007,Avocado,Produce,Fresh Food,2025-07-04,3,1.5,4.5,Senior,60+,Silver,North,Downtown,Card,3,8.2,Small
T00151,C009,P027,Chocolate Bar,Snacks,Grocery,2025-07-04,1,1.3,1.3,Senior,60+,Silver,North,Downtown,Card,3,8.2,Small
T00153,C030,P020,Cola,Beverages,Grocery,2025-07-07,3,1.6,4.8,Family,41-60,Bronze,West,Downtown,Card,3,19.8,Small
T00153,C030,P040,Frozen Pizza,Frozen,Grocery,2025-07-07,2,5.2,10.4,Family,41-60,Bronze,West,Downtown,Card,3,19.8,Small
T00153,C030,P041,Ice Cream,Frozen,Grocery,2025-07-07,1,4.6,4.6,Family,41-60,Bronze,West,Downtown,Card,3,19.8,Small
T00136,C045,P021,Orange Juice,Beverages,Grocery,2025-07-08,2,3.4,6.8,Student,18-25,Silver,East,Eastpark,Mobile,2,9.0,Small
T00136,C045,P050,Hand Soap,Personal Care,Non-Food,2025-07-08,1,2.2,2.2,Student,18-25,Silver,East,Eastpark,Mobile,2,9.0,Small
T00155,C021,P011,Butter,Dairy,Fresh Food,2025-07-08,4,3.8,15.2,Family,41-60,Bronze,South,Westgate,Card,4,22.3,Large
T00155,C021,P013,White Bread,Bakery,Fresh Food,2025-07-08,2,1.9,3.8,Family,41-60,Bronze,South,Westgate,Card,4,22.3,Large
T00155,C021,P022,Sparkling Water,Beverages,Grocery,2025-07-08,1,1.1,1.1,Family,41-60,Bronze,South,Westgate,Card,4,22.3,Large
T00155,C021,P037,Canned Beans,Pantry,Grocery,2025-07-08,2,1.1,2.2,Family,41-60,Bronze,South,Westgate,Card,4,22.3,Large
T00154,C021,P026,Potato Chips,Snacks,Grocery,2025-07-10,1,2.5,2.5,Family,41-60,Bronze,South,Eastpark,Voucher,2,11.7,Small
T00154,C021,P041,Ice Cream,Frozen,Grocery,2025-07-10,2,4.6,9.2,Family,41-60,Bronze,South,Eastpark,Voucher,2,11.7,Small
T00164,C008,P009,Cheddar Cheese,Dairy,Fresh Food,2025-07-10,2,4.5,9.0,Budget Shopper,26-40,Not Enrolled,Central,Riverside,Card,3,14.0,Small
T00164,C008,P037,Canned Beans,Pantry,Grocery,2025-07-10,2,1.1,2.2,Budget Shopper,26-40,Not Enrolled,Central,Riverside,Card,3,14.0,Small
T00164,C008,P039,Jam,Pantry,Grocery,2025-07-10,1,2.8,2.8,Budget Shopper,26-40,Not Enrolled,Central,Riverside,Card,3,14.0,Small
T00161,C036,P012,Eggs,Dairy,Fresh Food,2025-07-11,2,2.6,5.2,Premium Shopper,41-60,Bronze,North,Westgate,Voucher,3,17.4,Small
T00161,C036,P041,Ice Cream,Frozen,Grocery,2025-07-11,2,4.6,9.2,Premium Shopper,41-60,Bronze,North,Westgate,Voucher,3,17.4,Small
T00161,C036,P043,Frozen Fries,Frozen,Grocery,2025-07-11,1,3.0,3.0,Premium Shopper,41-60,Bronze,North,Westgate,Voucher,3,17.4,Small
T00137,C033,P020,Cola,Beverages,Grocery,2025-07-12,1,1.6,1.6,Premium Shopper,41-60,Not Enrolled,Central,Westgate,Cash,4,23.7,Large
T00137,C033,P021,Orange Juice,Beverages,Grocery,2025-07-12,3,3.4,10.2,Premium Shopper,41-60,Not Enrolled,Central,Westgate,Cash,4,23.7,Large
T00137,C033,P041,Ice Cream,Frozen,Grocery,2025-07-12,2,4.6,9.2,Premium Shopper,41-60,Not Enrolled,Central,Westgate,Cash,4,23.7,Large
T00137,C033,P049,Toothpaste,Personal Care,Non-Food,2025-07-12,1,2.7,2.7,Premium Shopper,41-60,Not Enrolled,Central,Westgate,Cash,4,23.7,Large
T00143,C030,P020,Cola,Beverages,Grocery,2025-07-13,1,1.6,1.6,Family,41-60,Bronze,West,Eastpark,Card,2,6.0,Small
T00143,C030,P025,Energy Drink,Beverages,Grocery,2025-07-13,2,2.2,4.4,Family,41-60,Bronze,West,Eastpark,Card,2,6.0,Small
T00144,C025,P011,Butter,Dairy,Fresh Food,2025-07-13,1,3.8,3.8,Budget Shopper,26-40,Not Enrolled,Central,Westgate,Cash,1,3.8,Single
T00149,C006,P018,Ground Beef,Meat,Fresh Food,2025-07-13,1,7.2,7.2,Premium Shopper,41-60,Bronze,Central,Eastpark,Card,1,7.2,Single
T00159,C030,P006,Carrots,Produce,Fresh Food,2025-07-13,1,0.85,0.85,Family,41-60,Bronze,West,Eastpark,Mobile,6,16.75,Large
T00159,C030,P020,Cola,Beverages,Grocery,2025-07-13,1,1.6,1.6,Family,41-60,Bronze,West,Eastpark,Mobile,6,16.75,Large
T00159,C030,P027,Chocolate Bar,Snacks,Grocery,2025-07-13,1,1.3,1.3,Family,41-60,Bronze,West,Eastpark,Mobile,6,16.75,Large
T00159,C030,P031,Pasta,Pantry,Grocery,2025-07-13,2,1.5,3.0,Family,41-60,Bronze,West,Eastpark,Mobile,6,16.75,Large
T00159,C030,P032,Pasta Sauce,Pantry,Grocery,2025-07-13,2,2.7,5.4,Family,41-60,Bronze,West,Eastpark,Mobile,6,16.75,Large
T00159,C030,P041,Ice Cream,Frozen,Grocery,2025-07-13,1,4.6,4.6,Family,41-60,Bronze,West,Eastpark,Mobile,6,16.75,Large
T00152,C025,P008,Whole Milk,Dairy,Fresh Food,2025-07-14,2,2.1,4.2,Budget Shopper,26-40,Not Enrolled,Central,Downtown,Mobile,6,21.6,Large
T00152,C025,P011,Butter,Dairy,Fresh Food,2025-07-14,1,3.8,3.8,Budget Shopper,26-40,Not Enrolled,Central,Downtown,Mobile,6,21.6,Large
T00152,C025,P016,Croissant,Bakery,Fresh Food,2025-07-14,1,3.1,3.1,Budget Shopper,26-40,Not Enrolled,Central,Downtown,Mobile,6,21.6,Large
T00152,C025,P025,Energy Drink,Beverages,Grocery,2025-07-14,2,2.2,4.4,Budget Shopper,26-40,Not Enrolled,Central,Downtown,Mobile,6,21.6,Large
T00152,C025,P034,Cereal,Pantry,Grocery,2025-07-14,1,3.9,3.9,Budget Shopper,26-40,Not Enrolled,Central,Downtown,Mobile,6,21.6,Large
T00152,C025,P037,Canned Beans,Pantry,Grocery,2025-07-14,2,1.1,2.2,Budget Shopper,26-40,Not Enrolled,Central,Downtown,Mobile,6,21.6,Large
T00141,C002,P047,Trash Bags,Household,Non-Food,2025-07-16,1,4.1,4.1,Family,41-60,Not Enrolled,North,Downtown,Cash,1,4.1,Single
T00157,C026,P003,Tomatoes,Produce,Fresh Food,2025-07-19,2,1.8,3.6,Family,41-60,Silver,North,Eastpark,Cash,4,14.0,Large
T00157,C026,P020,Cola,Beverages,Grocery,2025-07-19,1,1.6,1.6,Family,41-60,Silver,North,Eastpark,Cash,4,14.0,Large
T00157,C026,P035,Sugar,Pantry,Grocery,2025-07-19,2,2.1,4.2,Family,41-60,Silver,North,Eastpark,Cash,4,14.0,Large
T00157,C026,P041,Ice Cream,Frozen,Grocery,2025-07-19,1,4.6,4.6,Family,41-60,Silver,North,Eastpark,Cash,4,14.0,Large
T00163,C026,P012,Eggs,Dairy,Fresh Food,2025-07-20,1,2.6,2.6,Family,41-60,Silver,North,Eastpark,Card,3,18.0,Small
T00163,C026,P025,Energy Drink,Beverages,Grocery,2025-07-20,2,2.2,4.4,Family,41-60,Silver,North,Eastpark,Card,3,18.0,Small
T00163,C026,P044,Paper Towels,Household,Non-Food,2025-07-20,2,5.5,11.0,Family,41-60,Silver,North,Eastpark,Card,3,18.0,Small
T00145,C051,P034,Cereal,Pantry,Grocery,2025-07-21,1,3.9,3.9,Young Singles,26-40,Bronze,West,Hilltop,Cash,1,3.9,Single
T00150,C010,P020,Cola,Beverages,Grocery,2025-07-21,1,1.6,1.6,Family,41-60,Silver,East,Westgate,Card,1,1.6,Single
T00158,C040,P020,Cola,Beverages,Grocery,2025-07-21,1,1.6,1.6,Premium Shopper,41-60,Not Enrolled,Central,Downtown,Cash,4,15.7,Large
T00158,C040,P022,Sparkling Water,Beverages,Grocery,2025-07-21,2,1.1,2.2,Premium Shopper,41-60,Not Enrolled,Central,Downtown,Cash,4,15.7,Large
T00158,C040,P041,Ice Cream,Frozen,Grocery,2025-07-21,2,4.6,9.2,Premium Shopper,41-60,Not Enrolled,Central,Downtown,Cash,4,15.7,Large
T00158,C040,P049,Toothpaste,Personal Care,Non-Food,2025-07-21,1,2.7,2.7,Premium Shopper,41-60,Not Enrolled,Central,Downtown,Cash,4,15.7,Large
T00147,C003,P020,Cola,Beverages,Grocery,2025-07-22,2,1.6,3.2,Student,18-25,Silver,Central,Riverside,Voucher,6,53.4,Large
T00147,C003,P025,Energy Drink,Beverages,Grocery,2025-07-22,4,2.2,8.8,Student,18-25,Silver,Central,Riverside,Voucher,6,53.4,Large
T00147,C003,P026,Potato Chips,Snacks,Grocery,2025-07-22,3,2.5,7.5,Student,18-25,Silver,Central,Riverside,Voucher,6,53.4,Large
T00147,C003,P038,Peanut Butter,Pantry,Grocery,2025-07-22,3,3.5,10.5,Student,18-25,Silver,Central,Riverside,Voucher,6,53.4,Large
T00147,C003,P039,Jam,Pantry,Grocery,2025-07-22,5,2.8,14.0,Student,18-25,Silver,Central,Riverside,Voucher,6,53.4,Large
T00147,C003,P046,Laundry Detergent,Household,Non-Food,2025-07-22,1,9.4,9.4,Student,18-25,Silver,Central,Riverside,Voucher,6,53.4,Large
T00146,C057,P022,Sparkling Water,Beverages,Grocery,2025-07-23,1,1.1,1.1,Student,18-25,Bronze,Central,Eastpark,Cash,1,1.1,Single
T00162,C014,P007,Avocado,Produce,Fresh Food,2025-07-23,2,1.5,3.0,Senior,60+,Silver,West,Riverside,Card,4,11.6,Large
T00162,C014,P022,Sparkling Water,Beverages,Grocery,2025-07-23,1,1.1,1.1,Senior,60+,Silver,West,Riverside,Card,4,11.6,Large
T00162,C014,P035,Sugar,Pantry,Grocery,2025-07-23,2,2.1,4.2,Senior,60+,Silver,West,Riverside,Card,4,11.6,Large
T00162,C014,P037,Canned Beans,Pantry,Grocery,2025-07-23,3,1.1,3.3,Senior,60+,Silver,West,Riverside,Card,4,11.6,Large
T00138,C027,P016,Croissant,Bakery,Fresh Food,2025-07-24,1,3.1,3.1,Family,41-60,Silver,East,Hilltop,Card,3,17.7,Small
T00138,C027,P032,Pasta Sauce,Pantry,Grocery,2025-07-24,2,2.7,5.4,Family,41-60,Silver,East,Hilltop,Card,3,17.7,Small
T00138,C027,P041,Ice Cream,Frozen,Grocery,2025-07-24,2,4.6,9.2,Family,41-60,Silver,East,Hilltop,Card,3,17.7,Small
T00139,C032,P035,Sugar,Pantry,Grocery,2025-07-24,2,2.1,4.2,Family,41-60,Not Enrolled,Central,Westgate,Card,2,12.4,Small
T00139,C032,P047,Trash Bags,Household,Non-Food,2025-07-24,2,4.1,8.2,Family,41-60,Not Enrolled,Central,Westgate,Card,2,12.4,Small
T00160,C046,P011,Butter,Dairy,Fresh Food,2025-07-26,4,3.8,15.2,Premium Shopper,41-60,Silver,Central,Downtown,Card,2,17.4,Small
T00160,C046,P022,Sparkling Water,Beverages,Grocery,2025-07-26,2,1.1,2.2,Premium Shopper,41-60,Silver,Central,Downtown,Card,2,17.4,Small
T00156,C055,P017,Chicken Breast,Meat,Fresh Food,2025-07-27,1,6.5,6.5,Student,18-25,Bronze,North,Westgate,Mobile,2,15.9,Small
T00156,C055,P046,Laundry Detergent,Household,Non-Food,2025-07-27,1,9.4,9.4,Student,18-25,Bronze,North,Westgate,Mobile,2,15.9,Small
T00170,C018,P021,Orange Juice,Beverages,Grocery,2025-08-02,1,3.4,3.4,Young Singles,26-40,Bronze,East,Riverside,Mobile,2,8.0,Small
T00170,C018,P041,Ice Cream,Frozen,Grocery,2025-08-02,1,4.6,4.6,Young Singles,26-40,Bronze,East,Riverside,Mobile,2,8.0,Small
T00174,C060,P011,Butter,Dairy,Fresh Food,2025-08-04,4,3.8,15.2,Student,18-25,Silver,East,Riverside,Card,6,26.8,Large
T00174,C060,P013,White Bread,Bakery,Fresh Food,2025-08-04,1,1.9,1.9,Student,18-25,Silver,East,Riverside,Card,6,26.8,Large
T00174,C060,P020,Cola,Beverages,Grocery,2025-08-04,1,1.6,1.6,Student,18-25,Silver,East,Riverside,Card,6,26.8,Large
T00174,C060,P022,Sparkling Water,Beverages,Grocery,2025-08-04,1,1.1,1.1,Student,18-25,Silver,East,Riverside,Card,6,26.8,Large
T00174,C060,P025,Energy Drink,Beverages,Grocery,2025-08-04,1,2.2,2.2,Student,18-25,Silver,East,Riverside,Card,6,26.8,Large
T00174,C060,P042,Frozen Vegetables,Frozen,Grocery,2025-08-04,2,2.4,4.8,Student,18-25,Silver,East,Riverside,Card,6,26.8,Large
T00178,C016,P019,Bacon,Meat,Fresh Food,2025-08-05,1,5.4,5.4,Young Singles,26-40,Bronze,Central,Hilltop,Mobile,4,27.3,Large
T00178,C016,P039,Jam,Pantry,Grocery,2025-08-05,4,2.8,11.2,Young Singles,26-40,Bronze,Central,Hilltop,Mobile,4,27.3,Large
T00178,C016,P047,Trash Bags,Household,Non-Food,2025-08-05,1,4.1,4.1,Young Singles,26-40,Bronze,Central,Hilltop,Mobile,4,27.3,Large
T00178,C016,P050,Hand Soap,Personal Care,Non-Food,2025-08-05,3,2.2,6.6,Young Singles,26-40,Bronze,Central,Hilltop,Mobile,4,27.3,Large
T00181,C018,P010,Greek Yogurt,Dairy,Fresh Food,2025-08-05,2,3.2,6.4,Young Singles,26-40,Bronze,East,Downtown,Card,2,8.6,Small
T00181,C018,P022,Sparkling Water,Beverages,Grocery,2025-08-05,2,1.1,2.2,Young Singles,26-40,Bronze,East,Downtown,Card,2,8.6,Small
T00187,C047,P027,Chocolate Bar,Snacks,Grocery,2025-08-07,1,1.3,1.3,Young Singles,26-40,Silver,East,Eastpark,Mobile,1,1.3,Single
T00189,C058,P006,Carrots,Produce,Fresh Food,2025-08-08,1,0.85,0.85,Family,41-60,Not Enrolled,Central,Eastpark,Card,4,11.95,Large
T00189,C058,P038,Peanut Butter,Pantry,Grocery,2025-08-08,1,3.5,3.5,Family,41-60,Not Enrolled,Central,Eastpark,Card,4,11.95,Large
T00189,C058,P039,Jam,Pantry,Grocery,2025-08-08,1,2.8,2.8,Family,41-60,Not Enrolled,Central,Eastpark,Card,4,11.95,Large
T00189,C058,P048,Shampoo,Personal Care,Non-Food,2025-08-08,1,4.8,4.8,Family,41-60,Not Enrolled,Central,Eastpark,Card,4,11.95,Large
T00176,C024,P009,Cheddar Cheese,Dairy,Fresh Food,2025-08-11,2,4.5,9.0,Student,18-25,Not Enrolled,West,Hilltop,Card,4,24.9,Large
T00176,C024,P010,Greek Yogurt,Dairy,Fresh Food,2025-08-11,1,3.2,3.2,Student,18-25,Not Enrolled,West,Hilltop,Card,4,24.9,Large
T00176,C024,P042,Frozen Vegetables,Frozen,Grocery,2025-08-11,3,2.4,7.2,Student,18-25,Not Enrolled,West,Hilltop,Card,4,24.9,Large
T00176,C024,P044,Paper Towels,Household,Non-Food,2025-08-11,1,5.5,5.5,Student,18-25,Not Enrolled,West,Hilltop,Card,4,24.9,Large
T00190,C060,P011,Butter,Dairy,Fresh Food,2025-08-11,1,3.8,3.8,Student,18-25,Silver,East,Westgate,Mobile,3,21.0,Small
T00190,C060,P015,Bagels,Bakery,Fresh Food,2025-08-11,1,2.8,2.8,Student,18-25,Silver,East,Westgate,Mobile,3,21.0,Small
T00190,C060,P018,Ground Beef,Meat,Fresh Food,2025-08-11,2,7.2,14.4,Student,18-25,Silver,East,Westgate,Mobile,3,21.0,Small
T00191,C008,P006,Carrots,Produce,Fresh Food,2025-08-14,3,0.85,2.55,Budget Shopper,26-40,Not Enrolled,Central,Eastpark,Card,3,11.35,Small
T00191,C008,P017,Chicken Breast,Meat,Fresh Food,2025-08-14,1,6.5,6.5,Budget Shopper,26-40,Not Enrolled,Central,Eastpark,Card,3,11.35,Small
T00191,C008,P030,Pretzels,Snacks,Grocery,2025-08-14,1,2.3,2.3,Budget Shopper,26-40,Not Enrolled,Central,Eastpark,Card,3,11.35,Small
T00168,C056,P011,Butter,Dairy,Fresh Food,2025-08-15,3,3.8,11.4,Premium Shopper,41-60,Silver,South,Downtown,Mobile,5,53.1,Large
T00168,C056,P022,Sparkling Water,Beverages,Grocery,2025-08-15,5,1.1,5.5,Premium Shopper,41-60,Silver,South,Downtown,Mobile,5,53.1,Large
T00168,C056,P038,Peanut Butter,Pantry,Grocery,2025-08-15,2,3.5,7.0,Premium Shopper,41-60,Silver,South,Downtown,Mobile,5,53.1,Large
T00168,C056,P040,Frozen Pizza,Frozen,Grocery,2025-08-15,2,5.2,10.4,Premium Shopper,41-60,Silver,South,Downtown,Mobile,5,53.1,Large
T00168,C056,P046,Laundry Detergent,Household,Non-Food,2025-08-15,2,9.4,18.8,Premium Shopper,41-60,Silver,South,Downtown,Mobile,5,53.1,Large
T00173,C051,P041,Ice Cream,Frozen,Grocery,2025-08-16,3,4.6,13.8,Young Singles,26-40,Bronze,West,Hilltop,Mobile,1,13.8,Single
T00165,C011,P009,Cheddar Cheese,Dairy,Fresh Food,2025-08-18,1,4.5,4.5,Senior,60+,Not Enrolled,East,Westgate,Card,5,34.5,Large
T00165,C011,P020,Cola,Beverages,Grocery,2025-08-18,1,1.6,1.6,Senior,60+,Not Enrolled,East,Westgate,Card,5,34.5,Large
T00165,C011,P023,Coffee Beans,Beverages,Grocery,2025-08-18,2,8.9,17.8,Senior,60+,Not Enrolled,East,Westgate,Card,5,34.5,Large
T00165,C011,P032,Pasta Sauce,Pantry,Grocery,2025-08-18,2,2.7,5.4,Senior,60+,Not Enrolled,East,Westgate,Card,5,34.5,Large
T00165,C011,P040,Frozen Pizza,Frozen,Grocery,2025-08-18,1,5.2,5.2,Senior,60+,Not Enrolled,East,Westgate,Card,5,34.5,Large
T00167,C053,P014,Whole Wheat Bread,Bakery,Fresh Food,2025-08-18,5,2.4,12.0,Senior,60+,Not Enrolled,South,Hilltop,Cash,4,23.2,Large
T00167,C053,P028,Cookies,Snacks,Grocery,2025-08-18,1,2.9,2.9,Senior,60+,Not Enrolled,South,Hilltop,Cash,4,23.2,Large
T00167,C053,P029,Popcorn,Snacks,Grocery,2025-08-18,1,2.0,2.0,Senior,60+,Not Enrolled,South,Hilltop,Cash,4,23.2,Large
T00167,C053,P035,Sugar,Pantry,Grocery,2025-08-18,3,2.1,6.3,Senior,60+,Not Enrolled,South,Hilltop,Cash,4,23.2,Large
T00180,C044,P002,Apples,Produce,Fresh Food,2025-08-18,1,1.2,1.2,Budget Shopper,26-40,Not Enrolled,North,Riverside,Mobile,5,32.9,Large
T00180,C044,P017,Chicken Breast,Meat,Fresh Food,2025-08-18,2,6.5,13.0,Budget Shopper,26-40,Not Enrolled,North,Riverside,Mobile,5,32.9,Large
T00180,C044,P038,Peanut Butter,Pantry,Grocery,2025-08-18,1,3.5,3.5,Budget Shopper,26-40,Not Enrolled,North,Riverside,Mobile,5,32.9,Large
T00180,C044,P039,Jam,Pantry,Grocery,2025-08-18,2,2.8,5.6,Budget Shopper,26-40,Not Enrolled,North,Riverside,Mobile,5,32.9,Large
T00180,C044,P042,Frozen Vegetables,Frozen,Grocery,2025-08-18,4,2.4,9.6,Budget Shopper,26-40,Not Enrolled,North,Riverside,Mobile,5,32.9,Large
T00169,C018,P041,Ice Cream,Frozen,Grocery,2025-08-19,3,4.6,13.8,Young Singles,26-40,Bronze,East,Eastpark,Voucher,1,13.8,Single
T00184,C011,P001,Bananas,Produce,Fresh Food,2025-08-19,4,0.59,2.36,Senior,60+,Not Enrolled,East,Hilltop,Card,5,20.96,Large
T00184,C011,P008,Whole Milk,Dairy,Fresh Food,2025-08-19,1,2.1,2.1,Senior,60+,Not Enrolled,East,Hilltop,Card,5,20.96,Large
T00184,C011,P015,Bagels,Bakery,Fresh Food,2025-08-19,1,2.8,2.8,Senior,60+,Not Enrolled,East,Hilltop,Card,5,20.96,Large
T00184,C011,P044,Paper Towels,Household,Non-Food,2025-08-19,1,5.5,5.5,Senior,60+,Not Enrolled,East,Hilltop,Card,5,20.96,Large
T00184,C011,P047,Trash Bags,Household,Non-Food,2025-08-19,2,4.1,8.2,Senior,60+,Not Enrolled,East,Hilltop,Card,5,20.96,Large
T00177,C044,P008,Whole Milk,Dairy,Fresh Food,2025-08-20,5,2.1,10.5,Budget Shopper,26-40,Not Enrolled,North,Westgate,Mobile,2,15.9,Small
T00177,C044,P049,Toothpaste,Personal Care,Non-Food,2025-08-20,2,2.7,5.4,Budget Shopper,26-40,Not Enrolled,North,Westgate,Mobile,2,15.9,Small
T00171,C018,P006,Carrots,Produce,Fresh Food,2025-08-21,3,0.85,2.55,Young Singles,26-40,Bronze,East,Westgate,Card,4,8.85,Large
T00171,C018,P020,Cola,Beverages,Grocery,2025-08-21,1,1.6,1.6,Young Singles,26-40,Bronze,East,Westgate,Card,4,8.85,Large
T00171,C018,P026,Potato Chips,Snacks,Grocery,2025-08-21,1,2.5,2.5,Young Singles,26-40,Bronze,East,Westgate,Card,4,8.85,Large
T00171,C018,P050,Hand Soap,Personal Care,Non-Food,2025-08-21,1,2.2,2.2,Young Singles,26-40,Bronze,East,Westgate,Card,4,8.85,Large
T00179,C004,P005,Onions,Produce,Fresh Food,2025-08-21,3,0.9,2.7,Young Singles,26-40,Bronze,North,Riverside,Cash,3,9.4,Small
T00179,C004,P034,Cereal,Pantry,Grocery,2025-08-21,1,3.9,3.9,Young Singles,26-40,Bronze,North,Riverside,Cash,3,9.4,Small
T00179,C004,P039,Jam,Pantry,Grocery,2025-08-21,1,2.8,2.8,Young Singles,26-40,Bronze,North,Riverside,Cash,3,9.4,Small
T00188,C054,P007,Avocado,Produce,Fresh Food,2025-08-21,1,1.5,1.5,Premium Shopper,41-60,Gold,North,Downtown,Voucher,4,33.2,Large
T00188,C054,P020,Cola,Beverages,Grocery,2025-08-21,1,1.6,1.6,Premium Shopper,41-60,Gold,North,Downtown,Voucher,4,33.2,Large
T00188,C054,P047,Trash Bags,Household,Non-Food,2025-08-21,5,4.1,20.5,Premium Shopper,41-60,Gold,North,Downtown,Voucher,4,33.2,Large
T00188,C054,P048,Shampoo,Personal Care,Non-Food,2025-08-21,2,4.8,9.6,Premium Shopper,41-60,Gold,North,Downtown,Voucher,4,33.2,Large
T00182,C042,P004,Lettuce,Produce,Fresh Food,2025-08-22,2,1.4,2.8,Student,18-25,Silver,East,Downtown,Card,6,21.6,Large
T00182,C042,P006,Carrots,Produce,Fresh Food,2025-08-22,2,0.85,1.7,Student,18-25,Silver,East,Downtown,Card,6,21.6,Large
T00182,C042,P008,Whole Milk,Dairy,Fresh Food,2025-08-22,2,2.1,4.2,Student,18-25,Silver,East,Downtown,Card,6,21.6,Large
T00182,C042,P016,Croissant,Bakery,Fresh Food,2025-08-22,1,3.1,3.1,Student,18-25,Silver,East,Downtown,Card,6,21.6,Large
T00182,C042,P022,Sparkling Water,Beverages,Grocery,2025-08-22,1,1.1,1.1,Student,18-25,Silver,East,Downtown,Card,6,21.6,Large
T00182,C042,P028,Cookies,Snacks,Grocery,2025-08-22,3,2.9,8.7,Student,18-25,Silver,East,Downtown,Card,6,21.6,Large
T00175,C007,P001,Bananas,Produce,Fresh Food,2025-08-23,3,0.59,1.77,Family,41-60,Silver,Central,Downtown,Card,4,17.47,Large
T00175,C007,P022,Sparkling Water,Beverages,Grocery,2025-08-23,1,1.1,1.1,Family,41-60,Silver,Central,Downtown,Card,4,17.47,Large
T00175,C007,P034,Cereal,Pantry,Grocery,2025-08-23,3,3.9,11.7,Family,41-60,Silver,Central,Downtown,Card,4,17.47,Large
T00175,C007,P045,Dish Soap,Household,Non-Food,2025-08-23,1,2.9,2.9,Family,41-60,Silver,Central,Downtown,Card,4,17.47,Large
T00172,C030,P025,Energy Drink,Beverages,Grocery,2025-08-24,3,2.2,6.6,Family,41-60,Bronze,West,Hilltop,Mobile,3,18.7,Small
T00172,C030,P028,Cookies,Snacks,Grocery,2025-08-24,1,2.9,2.9,Family,41-60,Bronze,West,Hilltop,Mobile,3,18.7,Small
T00172,C030,P041,Ice Cream,Frozen,Grocery,2025-08-24,2,4.6,9.2,Family,41-60,Bronze,West,Hilltop,Mobile,3,18.7,Small
T00183,C017,P008,Whole Milk,Dairy,Fresh Food,2025-08-24,1,2.1,2.1,Senior,60+,Bronze,North,Riverside,Card,5,19.8,Large
T00183,C017,P025,Energy Drink,Beverages,Grocery,2025-08-24,1,2.2,2.2,Senior,60+,Bronze,North,Riverside,Card,5,19.8,Large
T00183,C017,P041,Ice Cream,Frozen,Grocery,2025-08-24,2,4.6,9.2,Senior,60+,Bronze,North,Riverside,Card,5,19.8,Large
T00183,C017,P047,Trash Bags,Household,Non-Food,2025-08-24,1,4.1,4.1,Senior,60+,Bronze,North,Riverside,Card,5,19.8,Large
T00183,C017,P050,Hand Soap,Personal Care,Non-Food,2025-08-24,1,2.2,2.2,Senior,60+,Bronze,North,Riverside,Card,5,19.8,Large
T00185,C042,P005,Onions,Produce,Fresh Food,2025-08-24,4,0.9,3.6,Student,18-25,Silver,East,Westgate,Card,5,44.6,Large
T00185,C042,P018,Ground Beef,Meat,Fresh Food,2025-08-24,4,7.2,28.8,Student,18-25,Silver,East,Westgate,Card,5,44.6,Large
T00185,C042,P021,Orange Juice,Beverages,Grocery,2025-08-24,1,3.4,3.4,Student,18-25,Silver,East,Westgate,Card,5,44.6,Large
T00185,C042,P025,Energy Drink,Beverages,Grocery,2025-08-24,3,2.2,6.6,Student,18-25,Silver,East,Westgate,Card,5,44.6,Large
T00185,C042,P037,Canned Beans,Pantry,Grocery,2025-08-24,2,1.1,2.2,Student,18-25,Silver,East,Westgate,Card,5,44.6,Large
T00166,C049,P011,Butter,Dairy,Fresh Food,2025-08-26,2,3.8,7.6,Family,41-60,Bronze,South,Riverside,Card,3,16.6,Small
T00166,C049,P030,Pretzels,Snacks,Grocery,2025-08-26,2,2.3,4.6,Family,41-60,Bronze,South,Riverside,Card,3,16.6,Small
T00166,C049,P050,Hand Soap,Personal Care,Non-Food,2025-08-26,2,2.2,4.4,Family,41-60,Bronze,South,Riverside,Card,3,16.6,Small
T00186,C020,P019,Bacon,Meat,Fresh Food,2025-08-28,2,5.4,10.8,Budget Shopper,26-40,Not Enrolled,East,Hilltop,Card,3,14.6,Small
T00186,C020,P020,Cola,Beverages,Grocery,2025-08-28,1,1.6,1.6,Budget Shopper,26-40,Not Enrolled,East,Hilltop,Card,3,14.6,Small
T00186,C020,P037,Canned Beans,Pantry,Grocery,2025-08-28,2,1.1,2.2,Budget Shopper,26-40,Not Enrolled,East,Hilltop,Card,3,14.6,Small
T00201,C022,P002,Apples,Produce,Fresh Food,2025-09-01,3,1.2,3.6,Student,18-25,Not Enrolled,North,Eastpark,Card,4,21.6,Large
T00201,C022,P004,Lettuce,Produce,Fresh Food,2025-09-01,1,1.4,1.4,Student,18-25,Not Enrolled,North,Eastpark,Card,4,21.6,Large
T00201,C022,P010,Greek Yogurt,Dairy,Fresh Food,2025-09-01,2,3.2,6.4,Student,18-25,Not Enrolled,North,Eastpark,Card,4,21.6,Large
T00201,C022,P021,Orange Juice,Beverages,Grocery,2025-09-01,3,3.4,10.2,Student,18-25,Not Enrolled,North,Eastpark,Card,4,21.6,Large
T00208,C031,P017,Chicken Breast,Meat,Fresh Food,2025-09-03,1,6.5,6.5,Student,18-25,Bronze,East,Downtown,Card,3,22.1,Small
T00208,C031,P042,Frozen Vegetables,Frozen,Grocery,2025-09-03,4,2.4,9.6,Student,18-25,Bronze,East,Downtown,Card,3,22.1,Small
T00208,C031,P043,Frozen Fries,Frozen,Grocery,2025-09-03,2,3.0,6.0,Student,18-25,Bronze,East,Downtown,Card,3,22.1,Small
T00206,C005,P006,Carrots,Produce,Fresh Food,2025-09-04,2,0.85,1.7,Young Singles,26-40,Not Enrolled,South,Hilltop,Card,4,32.4,Large
T00206,C005,P022,Sparkling Water,Beverages,Grocery,2025-09-04,1,1.1,1.1,Young Singles,26-40,Not Enrolled,South,Hilltop,Card,4,32.4,Large
T00206,C005,P036,Olive Oil,Pantry,Grocery,2025-09-04,2,7.8,15.6,Young Singles,26-40,Not Enrolled,South,Hilltop,Card,4,32.4,Large
T00206,C005,P039,Jam,Pantry,Grocery,2025-09-04,5,2.8,14.0,Young Singles,26-40,Not Enrolled,South,Hilltop,Card,4,32.4,Large
T00198,C002,P004,Lettuce,Produce,Fresh Food,2025-09-06,3,1.4,4.2,Family,41-60,Not Enrolled,North,Hilltop,Cash,5,25.4,Large
T00198,C002,P018,Ground Beef,Meat,Fresh Food,2025-09-06,1,7.2,7.2,Family,41-60,Not Enrolled,North,Hilltop,Cash,5,25.4,Large
T00198,C002,P031,Pasta,Pantry,Grocery,2025-09-06,1,1.5,1.5,Family,41-60,Not Enrolled,North,Hilltop,Cash,5,25.4,Large
T00198,C002,P032,Pasta Sauce,Pantry,Grocery,2025-09-06,3,2.7,8.1,Family,41-60,Not Enrolled,North,Hilltop,Cash,5,25.4,Large
T00198,C002,P050,Hand Soap,Personal Care,Non-Food,2025-09-06,2,2.2,4.4,Family,41-60,Not Enrolled,North,Hilltop,Cash,5,25.4,Large
T00193,C007,P004,Lettuce,Produce,Fresh Food,2025-09-08,3,1.4,4.2,Family,41-60,Silver,Central,Westgate,Card,2,15.2,Small
T00193,C007,P050,Hand Soap,Personal Care,Non-Food,2025-09-08,5,2.2,11.0,Family,41-60,Silver,Central,Westgate,Card,2,15.2,Small
T00196,C032,P025,Energy Drink,Beverages,Grocery,2025-09-10,1,2.2,2.2,Family,41-60,Not Enrolled,Central,Westgate,Mobile,1,2.2,Single
T00207,C014,P004,Lettuce,Produce,Fresh Food,2025-09-11,2,1.4,2.8,Senior,60+,Silver,West,Riverside,Card,6,25.4,Large
T00207,C014,P007,Avocado,Produce,Fresh Food,2025-09-11,1,1.5,1.5,Senior,60+,Silver,West,Riverside,Card,6,25.4,Large
T00207,C014,P016,Croissant,Bakery,Fresh Food,2025-09-11,3,3.1,9.3,Senior,60+,Silver,West,Riverside,Card,6,25.4,Large
T00207,C014,P017,Chicken Breast,Meat,Fresh Food,2025-09-11,1,6.5,6.5,Senior,60+,Silver,West,Riverside,Card,6,25.4,Large
T00207,C014,P020,Cola,Beverages,Grocery,2025-09-11,2,1.6,3.2,Senior,60+,Silver,West,Riverside,Card,6,25.4,Large
T00207,C014,P035,Sugar,Pantry,Grocery,2025-09-11,1,2.1,2.1,Senior,60+,Silver,West,Riverside,Card,6,25.4,Large
T00285,C032,P009,Cheddar Cheese,Dairy,Fresh Food,2025-09-12,1,4.5,4.5,Family,41-60,Not Enrolled,Central,Riverside,Voucher,2,10.1,Small
T00285,C032,P015,Bagels,Bakery,Fresh Food,2025-09-12,2,2.8,5.6,Family,41-60,Not Enrolled,Central,Riverside,Voucher,2,10.1,Small
T00195,C044,P018,Ground Beef,Meat,Fresh Food,2025-09-13,2,7.2,14.4,Budget Shopper,26-40,Not Enrolled,North,Westgate,Card,2,22.4,Small
T00195,C044,P029,Popcorn,Snacks,Grocery,2025-09-13,4,2.0,8.0,Budget Shopper,26-40,Not Enrolled,North,Westgate,Card,2,22.4,Small
T00202,C038,P021,Orange Juice,Beverages,Grocery,2025-09-13,2,3.4,6.8,Student,18-25,Bronze,North,Downtown,Card,6,37.8,Large
T00202,C038,P028,Cookies,Snacks,Grocery,2025-09-13,1,2.9,2.9,Student,18-25,Bronze,North,Downtown,Card,6,37.8,Large
T00202,C038,P032,Pasta Sauce,Pantry,Grocery,2025-09-13,2,2.7,5.4,Student,18-25,Bronze,North,Downtown,Card,6,37.8,Large
T00202,C038,P041,Ice Cream,Frozen,Grocery,2025-09-13,3,4.6,13.8,Student,18-25,Bronze,North,Downtown,Card,6,37.8,Large
T00202,C038,P042,Frozen Vegetables,Frozen,Grocery,2025-09-13,2,2.4,4.8,Student,18-25,Bronze,North,Downtown,Card,6,37.8,Large
T00202,C038,P047,Trash Bags,Household,Non-Food,2025-09-13,1,4.1,4.1,Student,18-25,Bronze,North,Downtown,Card,6,37.8,Large
T00209,C017,P043,Frozen Fries,Frozen,Grocery,2025-09-15,1,3.0,3.0,Senior,60+,Bronze,North,Riverside,Mobile,2,11.7,Small
T00209,C017,P045,Dish Soap,Household,Non-Food,2025-09-15,3,2.9,8.7,Senior,60+,Bronze,North,Riverside,Mobile,2,11.7,Small
T00200,C035,P039,Jam,Pantry,Grocery,2025-09-16,1,2.8,2.8,Senior,60+,Not Enrolled,South,Hilltop,Card,1,2.8,Single
T00199,C055,P012,Eggs,Dairy,Fresh Food,2025-09-19,1,2.6,2.6,Student,18-25,Bronze,North,Westgate,Card,5,51.0,Large
T00199,C055,P016,Croissant,Bakery,Fresh Food,2025-09-19,2,3.1,6.2,Student,18-25,Bronze,North,Westgate,Card,5,51.0,Large
T00199,C055,P038,Peanut Butter,Pantry,Grocery,2025-09-19,2,3.5,7.0,Student,18-25,Bronze,North,Westgate,Card,5,51.0,Large
T00199,C055,P039,Jam,Pantry,Grocery,2025-09-19,4,2.8,11.2,Student,18-25,Bronze,North,Westgate,Card,5,51.0,Large
T00199,C055,P048,Shampoo,Personal Care,Non-Food,2025-09-19,5,4.8,24.0,Student,18-25,Bronze,North,Westgate,Card,5,51.0,Large
T00194,C042,P002,Apples,Produce,Fresh Food,2025-09-21,2,1.2,2.4,Student,18-25,Silver,East,Downtown,Cash,5,27.4,Large
T00194,C042,P005,Onions,Produce,Fresh Food,2025-09-21,4,0.9,3.6,Student,18-25,Silver,East,Downtown,Cash,5,27.4,Large
T00194,C042,P009,Cheddar Cheese,Dairy,Fresh Food,2025-09-21,1,4.5,4.5,Student,18-25,Silver,East,Downtown,Cash,5,27.4,Large
T00194,C042,P013,White Bread,Bakery,Fresh Food,2025-09-21,3,1.9,5.7,Student,18-25,Silver,East,Downtown,Cash,5,27.4,Large
T00194,C042,P039,Jam,Pantry,Grocery,2025-09-21,4,2.8,11.2,Student,18-25,Silver,East,Downtown,Cash,5,27.4,Large
T00203,C037,P012,Eggs,Dairy,Fresh Food,2025-09-23,4,2.6,10.4,Young Singles,26-40,Not Enrolled,South,Westgate,Mobile,3,25.0,Small
T00203,C037,P021,Orange Juice,Beverages,Grocery,2025-09-23,1,3.4,3.4,Young Singles,26-40,Not Enrolled,South,Westgate,Mobile,3,25.0,Small
T00203,C037,P039,Jam,Pantry,Grocery,2025-09-23,4,2.8,11.2,Young Singles,26-40,Not Enrolled,South,Westgate,Mobile,3,25.0,Small
T00204,C005,P006,Carrots,Produce,Fresh Food,2025-09-24,2,0.85,1.7,Young Singles,26-40,Not Enrolled,South,Riverside,Card,4,37.3,Large
T00204,C005,P041,Ice Cream,Frozen,Grocery,2025-09-24,3,4.6,13.8,Young Singles,26-40,Not Enrolled,South,Riverside,Card,4,37.3,Large
T00204,C005,P043,Frozen Fries,Frozen,Grocery,2025-09-24,1,3.0,3.0,Young Singles,26-40,Not Enrolled,South,Riverside,Card,4,37.3,Large
T00204,C005,P046,Laundry Detergent,Household,Non-Food,2025-09-24,2,9.4,18.8,Young Singles,26-40,Not Enrolled,South,Riverside,Card,4,37.3,Large
T00210,C038,P027,Chocolate Bar,Snacks,Grocery,2025-09-25,1,1.3,1.3,Student,18-25,Bronze,North,Riverside,Cash,5,25.4,Large
T00210,C038,P031,Pasta,Pantry,Grocery,2025-09-25,2,1.5,3.0,Student,18-25,Bronze,North,Riverside,Cash,5,25.4,Large
T00210,C038,P032,Pasta Sauce,Pantry,Grocery,2025-09-25,5,2.7,13.5,Student,18-25,Bronze,North,Riverside,Cash,5,25.4,Large
T00210,C038,P035,Sugar,Pantry,Grocery,2025-09-25,1,2.1,2.1,Student,18-25,Bronze,North,Riverside,Cash,5,25.4,Large
T00210,C038,P044,Paper Towels,Household,Non-Food,2025-09-25,1,5.5,5.5,Student,18-25,Bronze,North,Riverside,Cash,5,25.4,Large
T00211,C029,P011,Butter,Dairy,Fresh Food,2025-09-25,5,3.8,19.0,Premium Shopper,41-60,Silver,East,Riverside,Voucher,3,38.7,Small
T00211,C029,P013,White Bread,Bakery,Fresh Food,2025-09-25,3,1.9,5.7,Premium Shopper,41-60,Silver,East,Riverside,Voucher,3,38.7,Small
T00211,C029,P039,Jam,Pantry,Grocery,2025-09-25,5,2.8,14.0,Premium Shopper,41-60,Silver,East,Riverside,Voucher,3,38.7,Small
T00215,C051,P007,Avocado,Produce,Fresh Food,2025-09-27,2,1.5,3.0,Young Singles,26-40,Bronze,West,Hilltop,Card,5,29.5,Large
T00215,C051,P011,Butter,Dairy,Fresh Food,2025-09-27,1,3.8,3.8,Young Singles,26-40,Bronze,West,Hilltop,Card,5,29.5,Large
T00215,C051,P015,Bagels,Bakery,Fresh Food,2025-09-27,1,2.8,2.8,Young Singles,26-40,Bronze,West,Hilltop,Card,5,29.5,Large
T00215,C051,P044,Paper Towels,Household,Non-Food,2025-09-27,1,5.5,5.5,Young Singles,26-40,Bronze,West,Hilltop,Card,5,29.5,Large
T00215,C051,P048,Shampoo,Personal Care,Non-Food,2025-09-27,3,4.8,14.4,Young Singles,26-40,Bronze,West,Hilltop,Card,5,29.5,Large
T00216,C024,P020,Cola,Beverages,Grocery,2025-09-28,3,1.6,4.8,Student,18-25,Not Enrolled,West,Downtown,Cash,3,19.9,Small
T00216,C024,P026,Potato Chips,Snacks,Grocery,2025-09-28,1,2.5,2.5,Student,18-25,Not Enrolled,West,Downtown,Cash,3,19.9,Small
T00216,C024,P033,Rice,Pantry,Grocery,2025-09-28,3,4.2,12.6,Student,18-25,Not Enrolled,West,Downtown,Cash,3,19.9,Small
T00197,C052,P002,Apples,Produce,Fresh Food,2025-09-29,2,1.2,2.4,Young Singles,26-40,Not Enrolled,East,Eastpark,Card,3,16.2,Small
T00197,C052,P025,Energy Drink,Beverages,Grocery,2025-09-29,2,2.2,4.4,Young Singles,26-40,Not Enrolled,East,Eastpark,Card,3,16.2,Small
T00197,C052,P046,Laundry Detergent,Household,Non-Food,2025-09-29,1,9.4,9.4,Young Singles,26-40,Not Enrolled,East,Eastpark,Card,3,16.2,Small
T00214,C027,P003,Tomatoes,Produce,Fresh Food,2025-09-29,3,1.8,5.4,Family,41-60,Silver,East,Hilltop,Card,5,31.3,Large
T00214,C027,P012,Eggs,Dairy,Fresh Food,2025-09-29,1,2.6,2.6,Family,41-60,Silver,East,Hilltop,Card,5,31.3,Large
T00214,C027,P018,Ground Beef,Meat,Fresh Food,2025-09-29,2,7.2,14.4,Family,41-60,Silver,East,Hilltop,Card,5,31.3,Large
T00214,C027,P020,Cola,Beverages,Grocery,2025-09-29,4,1.6,6.4,Family,41-60,Silver,East,Hilltop,Card,5,31.3,Large
T00214,C027,P026,Potato Chips,Snacks,Grocery,2025-09-29,1,2.5,2.5,Family,41-60,Silver,East,Hilltop,Card,5,31.3,Large
T00212,C047,P008,Whole Milk,Dairy,Fresh Food,2025-09-30,1,2.1,2.1,Young Singles,26-40,Silver,East,Downtown,Card,3,28.2,Small
T00212,C047,P018,Ground Beef,Meat,Fresh Food,2025-09-30,2,7.2,14.4,Young Singles,26-40,Silver,East,Downtown,Card,3,28.2,Small
T00212,C047,P034,Cereal,Pantry,Grocery,2025-09-30,3,3.9,11.7,Young Singles,26-40,Silver,East,Downtown,Card,3,28.2,Small
T00227,C044,P007,Avocado,Produce,Fresh Food,2025-10-01,2,1.5,3.0,Budget Shopper,26-40,Not Enrolled,North,Downtown,Cash,4,45.0,Large
T00227,C044,P023,Coffee Beans,Beverages,Grocery,2025-10-01,4,8.9,35.6,Budget Shopper,26-40,Not Enrolled,North,Downtown,Cash,4,45.0,Large
T00227,C044,P025,Energy Drink,Beverages,Grocery,2025-10-01,1,2.2,2.2,Budget Shopper,26-40,Not Enrolled,North,Downtown,Cash,4,45.0,Large
T00227,C044,P035,Sugar,Pantry,Grocery,2025-10-01,2,2.1,4.2,Budget Shopper,26-40,Not Enrolled,North,Downtown,Cash,4,45.0,Large
T00235,C026,P011,Butter,Dairy,Fresh Food,2025-10-04,1,3.8,3.8,Family,41-60,Silver,North,Westgate,Voucher,3,7.7,Small
T00235,C026,P031,Pasta,Pantry,Grocery,2025-10-04,1,1.5,1.5,Family,41-60,Silver,North,Westgate,Voucher,3,7.7,Small
T00235,C026,P042,Frozen Vegetables,Frozen,Grocery,2025-10-04,1,2.4,2.4,Family,41-60,Silver,North,Westgate,Voucher,3,7.7,Small
T00238,C028,P010,Greek Yogurt,Dairy,Fresh Food,2025-10-04,3,3.2,9.6,Budget Shopper,26-40,Not Enrolled,South,Riverside,Cash,4,46.6,Large
T00238,C028,P020,Cola,Beverages,Grocery,2025-10-04,2,1.6,3.2,Budget Shopper,26-40,Not Enrolled,South,Riverside,Cash,4,46.6,Large
T00238,C028,P036,Olive Oil,Pantry,Grocery,2025-10-04,3,7.8,23.4,Budget Shopper,26-40,Not Enrolled,South,Riverside,Cash,4,46.6,Large
T00238,C028,P040,Frozen Pizza,Frozen,Grocery,2025-10-04,2,5.2,10.4,Budget Shopper,26-40,Not Enrolled,South,Riverside,Cash,4,46.6,Large
T00219,C018,P001,Bananas,Produce,Fresh Food,2025-10-07,3,0.59,1.77,Young Singles,26-40,Bronze,East,Westgate,Cash,6,31.47,Large
T00219,C018,P012,Eggs,Dairy,Fresh Food,2025-10-07,1,2.6,2.6,Young Singles,26-40,Bronze,East,Westgate,Cash,6,31.47,Large
T00219,C018,P031,Pasta,Pantry,Grocery,2025-10-07,2,1.5,3.0,Young Singles,26-40,Bronze,East,Westgate,Cash,6,31.47,Large
T00219,C018,P039,Jam,Pantry,Grocery,2025-10-07,1,2.8,2.8,Young Singles,26-40,Bronze,East,Westgate,Cash,6,31.47,Large
T00219,C018,P042,Frozen Vegetables,Frozen,Grocery,2025-10-07,2,2.4,4.8,Young Singles,26-40,Bronze,East,Westgate,Cash,6,31.47,Large
T00219,C018,P044,Paper Towels,Household,Non-Food,2025-10-07,3,5.5,16.5,Young Singles,26-40,Bronze,East,Westgate,Cash,6,31.47,Large
T00217,C003,P024,Tea Bags,Beverages,Grocery,2025-10-08,1,3.6,3.6,Student,18-25,Silver,Central,Westgate,Card,2,12.0,Small
T00217,C003,P033,Rice,Pantry,Grocery,2025-10-08,2,4.2,8.4,Student,18-25,Silver,Central,Westgate,Card,2,12.0,Small
T00231,C054,P003,Tomatoes,Produce,Fresh Food,2025-10-09,1,1.8,1.8,Premium Shopper,41-60,Gold,North,Eastpark,Voucher,3,25.0,Small
T00231,C054,P011,Butter,Dairy,Fresh Food,2025-10-09,2,3.8,7.6,Premium Shopper,41-60,Gold,North,Eastpark,Voucher,3,25.0,Small
T00231,C054,P036,Olive Oil,Pantry,Grocery,2025-10-09,2,7.8,15.6,Premium Shopper,41-60,Gold,North,Eastpark,Voucher,3,25.0,Small
T00237,C042,P037,Canned Beans,Pantry,Grocery,2025-10-09,2,1.1,2.2,Student,18-25,Silver,East,Hilltop,Card,3,20.0,Small
T00237,C042,P047,Trash Bags,Household,Non-Food,2025-10-09,2,4.1,8.2,Student,18-25,Silver,East,Hilltop,Card,3,20.0,Small
T00237,C042,P048,Shampoo,Personal Care,Non-Food,2025-10-09,2,4.8,9.6,Student,18-25,Silver,East,Hilltop,Card,3,20.0,Small
T00239,C004,P006,Carrots,Produce,Fresh Food,2025-10-09,1,0.85,0.85,Young Singles,26-40,Bronze,North,Eastpark,Card,3,6.25,Small
T00239,C004,P016,Croissant,Bakery,Fresh Food,2025-10-09,1,3.1,3.1,Young Singles,26-40,Bronze,North,Eastpark,Card,3,6.25,Small
T00239,C004,P030,Pretzels,Snacks,Grocery,2025-10-09,1,2.3,2.3,Young Singles,26-40,Bronze,North,Eastpark,Card,3,6.25,Small
T00221,C056,P004,Lettuce,Produce,Fresh Food,2025-10-11,3,1.4,4.2,Premium Shopper,41-60,Silver,South,Hilltop,Card,5,21.9,Large
T00221,C056,P011,Butter,Dairy,Fresh Food,2025-10-11,1,3.8,3.8,Premium Shopper,41-60,Silver,South,Hilltop,Card,5,21.9,Large
T00221,C056,P013,White Bread,Bakery,Fresh Food,2025-10-11,1,1.9,1.9,Premium Shopper,41-60,Silver,South,Hilltop,Card,5,21.9,Large
T00221,C056,P020,Cola,Beverages,Grocery,2025-10-11,4,1.6,6.4,Premium Shopper,41-60,Silver,South,Hilltop,Card,5,21.9,Large
T00221,C056,P039,Jam,Pantry,Grocery,2025-10-11,2,2.8,5.6,Premium Shopper,41-60,Silver,South,Hilltop,Card,5,21.9,Large
T00241,C024,P020,Cola,Beverages,Grocery,2025-10-11,2,1.6,3.2,Student,18-25,Not Enrolled,West,Downtown,Mobile,3,18.0,Small
T00241,C024,P040,Frozen Pizza,Frozen,Grocery,2025-10-11,2,5.2,10.4,Student,18-25,Not Enrolled,West,Downtown,Mobile,3,18.0,Small
T00241,C024,P050,Hand Soap,Personal Care,Non-Food,2025-10-11,2,2.2,4.4,Student,18-25,Not Enrolled,West,Downtown,Mobile,3,18.0,Small
T00242,C054,P011,Butter,Dairy,Fresh Food,2025-10-12,2,3.8,7.6,Premium Shopper,41-60,Gold,North,Hilltop,Cash,2,10.3,Small
T00242,C054,P032,Pasta Sauce,Pantry,Grocery,2025-10-12,1,2.7,2.7,Premium Shopper,41-60,Gold,North,Hilltop,Cash,2,10.3,Small
T00229,C057,P004,Lettuce,Produce,Fresh Food,2025-10-13,2,1.4,2.8,Student,18-25,Bronze,Central,Hilltop,Mobile,4,15.7,Large
T00229,C057,P007,Avocado,Produce,Fresh Food,2025-10-13,1,1.5,1.5,Student,18-25,Bronze,Central,Hilltop,Mobile,4,15.7,Large
T00229,C057,P042,Frozen Vegetables,Frozen,Grocery,2025-10-13,1,2.4,2.4,Student,18-25,Bronze,Central,Hilltop,Mobile,4,15.7,Large
T00229,C057,P043,Frozen Fries,Frozen,Grocery,2025-10-13,3,3.0,9.0,Student,18-25,Bronze,Central,Hilltop,Mobile,4,15.7,Large
T00228,C057,P011,Butter,Dairy,Fresh Food,2025-10-14,2,3.8,7.6,Student,18-25,Bronze,Central,Riverside,Card,4,15.5,Large
T00228,C057,P013,White Bread,Bakery,Fresh Food,2025-10-14,2,1.9,3.8,Student,18-25,Bronze,Central,Riverside,Card,4,15.5,Large
T00228,C057,P020,Cola,Beverages,Grocery,2025-10-14,1,1.6,1.6,Student,18-25,Bronze,Central,Riverside,Card,4,15.5,Large
T00228,C057,P026,Potato Chips,Snacks,Grocery,2025-10-14,1,2.5,2.5,Student,18-25,Bronze,Central,Riverside,Card,4,15.5,Large
T00218,C039,P017,Chicken Breast,Meat,Fresh Food,2025-10-16,1,6.5,6.5,Budget Shopper,26-40,Bronze,West,Westgate,Card,4,26.2,Large
T00218,C039,P023,Coffee Beans,Beverages,Grocery,2025-10-16,1,8.9,8.9,Budget Shopper,26-40,Bronze,West,Westgate,Card,4,26.2,Large
T00218,C039,P035,Sugar,Pantry,Grocery,2025-10-16,1,2.1,2.1,Budget Shopper,26-40,Bronze,West,Westgate,Card,4,26.2,Large
T00218,C039,P045,Dish Soap,Household,Non-Food,2025-10-16,3,2.9,8.7,Budget Shopper,26-40,Bronze,West,Westgate,Card,4,26.2,Large
T00220,C053,P024,Tea Bags,Beverages,Grocery,2025-10-17,1,3.6,3.6,Senior,60+,Not Enrolled,South,Eastpark,Card,3,13.8,Small
T00220,C053,P035,Sugar,Pantry,Grocery,2025-10-17,2,2.1,4.2,Senior,60+,Not Enrolled,South,Eastpark,Card,3,13.8,Small
T00220,C053,P043,Frozen Fries,Frozen,Grocery,2025-10-17,2,3.0,6.0,Senior,60+,Not Enrolled,South,Eastpark,Card,3,13.8,Small
T00222,C053,P023,Coffee Beans,Beverages,Grocery,2025-10-19,1,8.9,8.9,Senior,60+,Not Enrolled,South,Riverside,Card,5,39.5,Large
T00222,C053,P031,Pasta,Pantry,Grocery,2025-10-19,1,1.5,1.5,Senior,60+,Not Enrolled,South,Riverside,Card,5,39.5,Large
T00222,C053,P035,Sugar,Pantry,Grocery,2025-10-19,3,2.1,6.3,Senior,60+,Not Enrolled,South,Riverside,Card,5,39.5,Large
T00222,C053,P041,Ice Cream,Frozen,Grocery,2025-10-19,3,4.6,13.8,Senior,60+,Not Enrolled,South,Riverside,Card,5,39.5,Large
T00222,C053,P043,Frozen Fries,Frozen,Grocery,2025-10-19,3,3.0,9.0,Senior,60+,Not Enrolled,South,Riverside,Card,5,39.5,Large
T00236,C031,P023,Coffee Beans,Beverages,Grocery,2025-10-19,1,8.9,8.9,Student,18-25,Bronze,East,Eastpark,Mobile,3,52.8,Small
T00236,C031,P044,Paper Towels,Household,Non-Food,2025-10-19,5,5.5,27.5,Student,18-25,Bronze,East,Eastpark,Mobile,3,52.8,Small
T00236,C031,P047,Trash Bags,Household,Non-Food,2025-10-19,4,4.1,16.4,Student,18-25,Bronze,East,Eastpark,Mobile,3,52.8,Small
T00223,C058,P020,Cola,Beverages,Grocery,2025-10-22,1,1.6,1.6,Family,41-60,Not Enrolled,Central,Hilltop,Mobile,2,5.5,Small
T00223,C058,P027,Chocolate Bar,Snacks,Grocery,2025-10-22,3,1.3,3.9,Family,41-60,Not Enrolled,Central,Hilltop,Mobile,2,5.5,Small
T00230,C041,P009,Cheddar Cheese,Dairy,Fresh Food,2025-10-22,1,4.5,4.5,Young Singles,26-40,Silver,North,Downtown,Card,4,28.0,Large
T00230,C041,P018,Ground Beef,Meat,Fresh Food,2025-10-22,2,7.2,14.4,Young Singles,26-40,Silver,North,Downtown,Card,4,28.0,Large
T00230,C041,P027,Chocolate Bar,Snacks,Grocery,2025-10-22,3,1.3,3.9,Young Singles,26-40,Silver,North,Downtown,Card,4,28.0,Large
T00230,C041,P040,Frozen Pizza,Frozen,Grocery,2025-10-22,1,5.2,5.2,Young Singles,26-40,Silver,North,Downtown,Card,4,28.0,Large
T00234,C021,P001,Bananas,Produce,Fresh Food,2025-10-22,1,0.59,0.59,Family,41-60,Bronze,South,Westgate,Mobile,4,23.39,Large
T00234,C021,P003,Tomatoes,Produce,Fresh Food,2025-10-22,1,1.8,1.8,Family,41-60,Bronze,South,Westgate,Mobile,4,23.39,Large
T00234,C021,P009,Cheddar Cheese,Dairy,Fresh Food,2025-10-22,2,4.5,9.0,Family,41-60,Bronze,South,Westgate,Mobile,4,23.39,Large
T00234,C021,P043,Frozen Fries,Frozen,Grocery,2025-10-22,4,3.0,12.0,Family,41-60,Bronze,South,Westgate,Mobile,4,23.39,Large
T00240,C042,P001,Bananas,Produce,Fresh Food,2025-10-24,2,0.59,1.18,Student,18-25,Silver,East,Downtown,Card,3,18.58,Small
T00240,C042,P006,Carrots,Produce,Fresh Food,2025-10-24,4,0.85,3.4,Student,18-25,Silver,East,Downtown,Card,3,18.58,Small
T00240,C042,P039,Jam,Pantry,Grocery,2025-10-24,5,2.8,14.0,Student,18-25,Silver,East,Downtown,Card,3,18.58,Small
T00226,C006,P003,Tomatoes,Produce,Fresh Food,2025-10-25,3,1.8,5.4,Premium Shopper,41-60,Bronze,Central,Riverside,Cash,3,16.8,Small
T00226,C006,P031,Pasta,Pantry,Grocery,2025-10-25,4,1.5,6.0,Premium Shopper,41-60,Bronze,Central,Riverside,Cash,3,16.8,Small
T00226,C006,P032,Pasta Sauce,Pantry,Grocery,2025-10-25,2,2.7,5.4,Premium Shopper,41-60,Bronze,Central,Riverside,Cash,3,16.8,Small
T00224,C008,P011,Butter,Dairy,Fresh Food,2025-10-28,1,3.8,3.8,Budget Shopper,26-40,Not Enrolled,Central,Westgate,Card,4,12.5,Large
T00224,C008,P013,White Bread,Bakery,Fresh Food,2025-10-28,1,1.9,1.9,Budget Shopper,26-40,Not Enrolled,Central,Westgate,Card,4,12.5,Large
T00224,C008,P020,Cola,Beverages,Grocery,2025-10-28,1,1.6,1.6,Budget Shopper,26-40,Not Enrolled,Central,Westgate,Card,4,12.5,Large
T00224,C008,P040,Frozen Pizza,Frozen,Grocery,2025-10-28,1,5.2,5.2,Budget Shopper,26-40,Not Enrolled,Central,Westgate,Card,4,12.5,Large
T00233,C017,P004,Lettuce,Produce,Fresh Food,2025-10-29,3,1.4,4.2,Senior,60+,Bronze,North,Riverside,Cash,2,8.7,Small
T00233,C017,P007,Avocado,Produce,Fresh Food,2025-10-29,3,1.5,4.5,Senior,60+,Bronze,North,Riverside,Cash,2,8.7,Small
T00225,C030,P012,Eggs,Dairy,Fresh Food,2025-10-30,2,2.6,5.2,Family,41-60,Bronze,West,Riverside,Card,4,22.8,Large
T00225,C030,P022,Sparkling Water,Beverages,Grocery,2025-10-30,1,1.1,1.1,Family,41-60,Bronze,West,Riverside,Card,4,22.8,Large
T00225,C030,P032,Pasta Sauce,Pantry,Grocery,2025-10-30,1,2.7,2.7,Family,41-60,Bronze,West,Riverside,Card,4,22.8,Large
T00225,C030,P041,Ice Cream,Frozen,Grocery,2025-10-30,3,4.6,13.8,Family,41-60,Bronze,West,Riverside,Card,4,22.8,Large
T00232,C008,P033,Rice,Pantry,Grocery,2025-10-30,1,4.2,4.2,Budget Shopper,26-40,Not Enrolled,Central,Eastpark,Mobile,1,4.2,Single
T00270,C058,P002,Apples,Produce,Fresh Food,2025-11-02,3,1.2,3.6,Family,41-60,Not Enrolled,Central,Eastpark,Card,6,65.5,Large
T00270,C058,P023,Coffee Beans,Beverages,Grocery,2025-11-02,5,8.9,44.5,Family,41-60,Not Enrolled,Central,Eastpark,Card,6,65.5,Large
T00270,C058,P034,Cereal,Pantry,Grocery,2025-11-02,2,3.9,7.8,Family,41-60,Not Enrolled,Central,Eastpark,Card,6,65.5,Large
T00270,C058,P037,Canned Beans,Pantry,Grocery,2025-11-02,2,1.1,2.2,Family,41-60,Not Enrolled,Central,Eastpark,Card,6,65.5,Large
T00270,C058,P039,Jam,Pantry,Grocery,2025-11-02,1,2.8,2.8,Family,41-60,Not Enrolled,Central,Eastpark,Card,6,65.5,Large
T00270,C058,P041,Ice Cream,Frozen,Grocery,2025-11-02,1,4.6,4.6,Family,41-60,Not Enrolled,Central,Eastpark,Card,6,65.5,Large
T00101,C060,P006,Carrots,Produce,Fresh Food,2025-11-05,1,0.85,0.85,Student,18-25,Silver,East,Riverside,Card,5,38.45,Large
T00101,C060,P017,Chicken Breast,Meat,Fresh Food,2025-11-05,2,6.5,13.0,Student,18-25,Silver,East,Riverside,Card,5,38.45,Large
T00101,C060,P018,Ground Beef,Meat,Fresh Food,2025-11-05,2,7.2,14.4,Student,18-25,Silver,East,Riverside,Card,5,38.45,Large
T00101,C060,P036,Olive Oil,Pantry,Grocery,2025-11-05,1,7.8,7.8,Student,18-25,Silver,East,Riverside,Card,5,38.45,Large
T00101,C060,P042,Frozen Vegetables,Frozen,Grocery,2025-11-05,1,2.4,2.4,Student,18-25,Silver,East,Riverside,Card,5,38.45,Large
T00260,C012,P024,Tea Bags,Beverages,Grocery,2025-11-06,2,3.6,7.2,Young Singles,26-40,Not Enrolled,North,Riverside,Cash,3,20.7,Small
T00260,C012,P035,Sugar,Pantry,Grocery,2025-11-06,5,2.1,10.5,Young Singles,26-40,Not Enrolled,North,Riverside,Cash,3,20.7,Small
T00260,C012,P043,Frozen Fries,Frozen,Grocery,2025-11-06,1,3.0,3.0,Young Singles,26-40,Not Enrolled,North,Riverside,Cash,3,20.7,Small
T00266,C012,P003,Tomatoes,Produce,Fresh Food,2025-11-06,2,1.8,3.6,Young Singles,26-40,Not Enrolled,North,Eastpark,Voucher,6,43.9,Large
T00266,C012,P011,Butter,Dairy,Fresh Food,2025-11-06,1,3.8,3.8,Young Singles,26-40,Not Enrolled,North,Eastpark,Voucher,6,43.9,Large
T00266,C012,P015,Bagels,Bakery,Fresh Food,2025-11-06,1,2.8,2.8,Young Singles,26-40,Not Enrolled,North,Eastpark,Voucher,6,43.9,Large
T00266,C012,P031,Pasta,Pantry,Grocery,2025-11-06,1,1.5,1.5,Young Singles,26-40,Not Enrolled,North,Eastpark,Voucher,6,43.9,Large
T00266,C012,P047,Trash Bags,Household,Non-Food,2025-11-06,2,4.1,8.2,Young Singles,26-40,Not Enrolled,North,Eastpark,Voucher,6,43.9,Large
T00266,C012,P048,Shampoo,Personal Care,Non-Food,2025-11-06,5,4.8,24.0,Young Singles,26-40,Not Enrolled,North,Eastpark,Voucher,6,43.9,Large
T00256,C056,P023,Coffee Beans,Beverages,Grocery,2025-11-07,1,8.9,8.9,Premium Shopper,41-60,Silver,South,Westgate,Mobile,5,41.7,Large
T00256,C056,P028,Cookies,Snacks,Grocery,2025-11-07,2,2.9,5.8,Premium Shopper,41-60,Silver,South,Westgate,Mobile,5,41.7,Large
T00256,C056,P040,Frozen Pizza,Frozen,Grocery,2025-11-07,3,5.2,15.6,Premium Shopper,41-60,Silver,South,Westgate,Mobile,5,41.7,Large
T00256,C056,P042,Frozen Vegetables,Frozen,Grocery,2025-11-07,2,2.4,4.8,Premium Shopper,41-60,Silver,South,Westgate,Mobile,5,41.7,Large
T00256,C056,P050,Hand Soap,Personal Care,Non-Food,2025-11-07,3,2.2,6.6,Premium Shopper,41-60,Silver,South,Westgate,Mobile,5,41.7,Large
T00264,C017,P002,Apples,Produce,Fresh Food,2025-11-07,1,1.2,1.2,Senior,60+,Bronze,North,Downtown,Mobile,5,22.4,Large
T00264,C017,P020,Cola,Beverages,Grocery,2025-11-07,4,1.6,6.4,Senior,60+,Bronze,North,Downtown,Mobile,5,22.4,Large
T00264,C017,P026,Potato Chips,Snacks,Grocery,2025-11-07,2,2.5,5.0,Senior,60+,Bronze,North,Downtown,Mobile,5,22.4,Large
T00264,C017,P040,Frozen Pizza,Frozen,Grocery,2025-11-07,1,5.2,5.2,Senior,60+,Bronze,North,Downtown,Mobile,5,22.4,Large
T00264,C017,P041,Ice Cream,Frozen,Grocery,2025-11-07,1,4.6,4.6,Senior,60+,Bronze,North,Downtown,Mobile,5,22.4,Large
T00192,C010,P004,Lettuce,Produce,Fresh Food,2025-11-08,2,1.4,2.8,Family,41-60,Silver,East,Downtown,Mobile,3,9.9,Small
T00192,C010,P020,Cola,Beverages,Grocery,2025-11-08,1,1.6,1.6,Family,41-60,Silver,East,Downtown,Mobile,3,9.9,Small
T00192,C010,P044,Paper Towels,Household,Non-Food,2025-11-08,1,5.5,5.5,Family,41-60,Silver,East,Downtown,Mobile,3,9.9,Small
T00257,C027,P025,Energy Drink,Beverages,Grocery,2025-11-09,2,2.2,4.4,Family,41-60,Silver,East,Westgate,Card,2,9.9,Small
T00257,C027,P044,Paper Towels,Household,Non-Food,2025-11-09,1,5.5,5.5,Family,41-60,Silver,East,Westgate,Card,2,9.9,Small
T00252,C032,P008,Whole Milk,Dairy,Fresh Food,2025-11-10,1,2.1,2.1,Family,41-60,Not Enrolled,Central,Eastpark,Cash,4,20.6,Large
T00252,C032,P012,Eggs,Dairy,Fresh Food,2025-11-10,4,2.6,10.4,Family,41-60,Not Enrolled,Central,Eastpark,Cash,4,20.6,Large
T00252,C032,P033,Rice,Pantry,Grocery,2025-11-10,1,4.2,4.2,Family,41-60,Not Enrolled,Central,Eastpark,Cash,4,20.6,Large
T00252,C032,P034,Cereal,Pantry,Grocery,2025-11-10,1,3.9,3.9,Family,41-60,Not Enrolled,Central,Eastpark,Cash,4,20.6,Large
T00247,C046,P027,Chocolate Bar,Snacks,Grocery,2025-11-11,3,1.3,3.9,Premium Shopper,41-60,Silver,Central,Downtown,Mobile,4,40.6,Large
T00247,C046,P043,Frozen Fries,Frozen,Grocery,2025-11-11,1,3.0,3.0,Premium Shopper,41-60,Silver,Central,Downtown,Mobile,4,40.6,Large
T00247,C046,P044,Paper Towels,Household,Non-Food,2025-11-11,1,5.5,5.5,Premium Shopper,41-60,Silver,Central,Downtown,Mobile,4,40.6,Large
T00247,C046,P046,Laundry Detergent,Household,Non-Food,2025-11-11,3,9.4,28.2,Premium Shopper,41-60,Silver,Central,Downtown,Mobile,4,40.6,Large
T00263,C009,P020,Cola,Beverages,Grocery,2025-11-12,1,1.6,1.6,Senior,60+,Silver,North,Hilltop,Mobile,3,27.7,Small
T00263,C009,P032,Pasta Sauce,Pantry,Grocery,2025-11-12,1,2.7,2.7,Senior,60+,Silver,North,Hilltop,Mobile,3,27.7,Small
T00263,C009,P036,Olive Oil,Pantry,Grocery,2025-11-12,3,7.8,23.4,Senior,60+,Silver,North,Hilltop,Mobile,3,27.7,Small
T00246,C039,P014,Whole Wheat Bread,Bakery,Fresh Food,2025-11-14,2,2.4,4.8,Budget Shopper,26-40,Bronze,West,Eastpark,Card,5,44.0,Large
T00246,C039,P036,Olive Oil,Pantry,Grocery,2025-11-14,2,7.8,15.6,Budget Shopper,26-40,Bronze,West,Eastpark,Card,5,44.0,Large
T00246,C039,P041,Ice Cream,Frozen,Grocery,2025-11-14,1,4.6,4.6,Budget Shopper,26-40,Bronze,West,Eastpark,Card,5,44.0,Large
T00246,C039,P046,Laundry Detergent,Household,Non-Food,2025-11-14,1,9.4,9.4,Budget Shopper,26-40,Bronze,West,Eastpark,Card,5,44.0,Large
T00246,C039,P048,Shampoo,Personal Care,Non-Food,2025-11-14,2,4.8,9.6,Budget Shopper,26-40,Bronze,West,Eastpark,Card,5,44.0,Large
T00269,C052,P014,Whole Wheat Bread,Bakery,Fresh Food,2025-11-14,1,2.4,2.4,Young Singles,26-40,Not Enrolled,East,Hilltop,Mobile,3,15.7,Small
T00269,C052,P038,Peanut Butter,Pantry,Grocery,2025-11-14,3,3.5,10.5,Young Singles,26-40,Not Enrolled,East,Hilltop,Mobile,3,15.7,Small
T00269,C052,P039,Jam,Pantry,Grocery,2025-11-14,1,2.8,2.8,Young Singles,26-40,Not Enrolled,East,Hilltop,Mobile,3,15.7,Small
T00273,C024,P023,Coffee Beans,Beverages,Grocery,2025-11-14,1,8.9,8.9,Student,18-25,Not Enrolled,West,Downtown,Mobile,6,31.6,Large
T00273,C024,P025,Energy Drink,Beverages,Grocery,2025-11-14,1,2.2,2.2,Student,18-25,Not Enrolled,West,Downtown,Mobile,6,31.6,Large
T00273,C024,P031,Pasta,Pantry,Grocery,2025-11-14,1,1.5,1.5,Student,18-25,Not Enrolled,West,Downtown,Mobile,6,31.6,Large
T00273,C024,P035,Sugar,Pantry,Grocery,2025-11-14,2,2.1,4.2,Student,18-25,Not Enrolled,West,Downtown,Mobile,6,31.6,Large
T00273,C024,P040,Frozen Pizza,Frozen,Grocery,2025-11-14,1,5.2,5.2,Student,18-25,Not Enrolled,West,Downtown,Mobile,6,31.6,Large
T00273,C024,P048,Shampoo,Personal Care,Non-Food,2025-11-14,2,4.8,9.6,Student,18-25,Not Enrolled,West,Downtown,Mobile,6,31.6,Large
T00255,C032,P006,Carrots,Produce,Fresh Food,2025-11-15,2,0.85,1.7,Family,41-60,Not Enrolled,Central,Downtown,Card,3,22.2,Small
T00255,C032,P007,Avocado,Produce,Fresh Food,2025-11-15,1,1.5,1.5,Family,41-60,Not Enrolled,Central,Downtown,Card,3,22.2,Small
T00255,C032,P011,Butter,Dairy,Fresh Food,2025-11-15,5,3.8,19.0,Family,41-60,Not Enrolled,Central,Downtown,Card,3,22.2,Small
T00272,C043,P050,Hand Soap,Personal Care,Non-Food,2025-11-16,2,2.2,4.4,Student,18-25,Bronze,East,Riverside,Mobile,1,4.4,Single
T00245,C012,P021,Orange Juice,Beverages,Grocery,2025-11-19,3,3.4,10.2,Young Singles,26-40,Not Enrolled,North,Riverside,Card,4,73.6,Large
T00245,C012,P023,Coffee Beans,Beverages,Grocery,2025-11-19,5,8.9,44.5,Young Singles,26-40,Not Enrolled,North,Riverside,Card,4,73.6,Large
T00245,C012,P033,Rice,Pantry,Grocery,2025-11-19,2,4.2,8.4,Young Singles,26-40,Not Enrolled,North,Riverside,Card,4,73.6,Large
T00245,C012,P035,Sugar,Pantry,Grocery,2025-11-19,5,2.1,10.5,Young Singles,26-40,Not Enrolled,North,Riverside,Card,4,73.6,Large
T00274,C034,P024,Tea Bags,Beverages,Grocery,2025-11-19,2,3.6,7.2,Budget Shopper,26-40,Gold,West,Downtown,Cash,2,9.3,Small
T00274,C034,P035,Sugar,Pantry,Grocery,2025-11-19,1,2.1,2.1,Budget Shopper,26-40,Gold,West,Downtown,Cash,2,9.3,Small
T00243,C013,P040,Frozen Pizza,Frozen,Grocery,2025-11-20,1,5.2,5.2,Senior,60+,Silver,Central,Riverside,Card,2,14.6,Small
T00243,C013,P046,Laundry Detergent,Household,Non-Food,2025-11-20,1,9.4,9.4,Senior,60+,Silver,Central,Riverside,Card,2,14.6,Small
T00262,C043,P024,Tea Bags,Beverages,Grocery,2025-11-20,2,3.6,7.2,Student,18-25,Bronze,East,Hilltop,Mobile,3,14.3,Small
T00262,C043,P028,Cookies,Snacks,Grocery,2025-11-20,1,2.9,2.9,Student,18-25,Bronze,East,Hilltop,Mobile,3,14.3,Small
T00262,C043,P035,Sugar,Pantry,Grocery,2025-11-20,2,2.1,4.2,Student,18-25,Bronze,East,Hilltop,Mobile,3,14.3,Small
T00244,C038,P001,Bananas,Produce,Fresh Food,2025-11-22,2,0.59,1.18,Student,18-25,Bronze,North,Downtown,Mobile,4,37.78,Large
T00244,C038,P009,Cheddar Cheese,Dairy,Fresh Food,2025-11-22,2,4.5,9.0,Student,18-25,Bronze,North,Downtown,Mobile,4,37.78,Large
T00244,C038,P032,Pasta Sauce,Pantry,Grocery,2025-11-22,4,2.7,10.8,Student,18-25,Bronze,North,Downtown,Mobile,4,37.78,Large
T00244,C038,P033,Rice,Pantry,Grocery,2025-11-22,4,4.2,16.8,Student,18-25,Bronze,North,Downtown,Mobile,4,37.78,Large
T00248,C004,P004,Lettuce,Produce,Fresh Food,2025-11-22,1,1.4,1.4,Young Singles,26-40,Bronze,North,Riverside,Card,7,79.8,Large
T00248,C004,P017,Chicken Breast,Meat,Fresh Food,2025-11-22,2,6.5,13.0,Young Singles,26-40,Bronze,North,Riverside,Card,7,79.8,Large
T00248,C004,P023,Coffee Beans,Beverages,Grocery,2025-11-22,3,8.9,26.7,Young Singles,26-40,Bronze,North,Riverside,Card,7,79.8,Large
T00248,C004,P035,Sugar,Pantry,Grocery,2025-11-22,3,2.1,6.3,Young Singles,26-40,Bronze,North,Riverside,Card,7,79.8,Large
T00248,C004,P042,Frozen Vegetables,Frozen,Grocery,2025-11-22,3,2.4,7.2,Young Singles,26-40,Bronze,North,Riverside,Card,7,79.8,Large
T00248,C004,P044,Paper Towels,Household,Non-Food,2025-11-22,3,5.5,16.5,Young Singles,26-40,Bronze,North,Riverside,Card,7,79.8,Large
T00248,C004,P045,Dish Soap,Household,Non-Food,2025-11-22,3,2.9,8.7,Young Singles,26-40,Bronze,North,Riverside,Card,7,79.8,Large
T00261,C005,P022,Sparkling Water,Beverages,Grocery,2025-11-22,1,1.1,1.1,Young Singles,26-40,Not Enrolled,South,Hilltop,Card,3,23.1,Small
T00261,C005,P023,Coffee Beans,Beverages,Grocery,2025-11-22,2,8.9,17.8,Young Singles,26-40,Not Enrolled,South,Hilltop,Card,3,23.1,Small
T00261,C005,P035,Sugar,Pantry,Grocery,2025-11-22,2,2.1,4.2,Young Singles,26-40,Not Enrolled,South,Hilltop,Card,3,23.1,Small
T00271,C033,P002,Apples,Produce,Fresh Food,2025-11-22,2,1.2,2.4,Premium Shopper,41-60,Not Enrolled,Central,Hilltop,Card,6,20.6,Large
T00271,C033,P007,Avocado,Produce,Fresh Food,2025-11-22,2,1.5,3.0,Premium Shopper,41-60,Not Enrolled,Central,Hilltop,Card,6,20.6,Large
T00271,C033,P009,Cheddar Cheese,Dairy,Fresh Food,2025-11-22,1,4.5,4.5,Premium Shopper,41-60,Not Enrolled,Central,Hilltop,Card,6,20.6,Large
T00271,C033,P025,Energy Drink,Beverages,Grocery,2025-11-22,2,2.2,4.4,Premium Shopper,41-60,Not Enrolled,Central,Hilltop,Card,6,20.6,Large
T00271,C033,P038,Peanut Butter,Pantry,Grocery,2025-11-22,1,3.5,3.5,Premium Shopper,41-60,Not Enrolled,Central,Hilltop,Card,6,20.6,Large
T00271,C033,P039,Jam,Pantry,Grocery,2025-11-22,1,2.8,2.8,Premium Shopper,41-60,Not Enrolled,Central,Hilltop,Card,6,20.6,Large
T00258,C038,P006,Carrots,Produce,Fresh Food,2025-11-24,2,0.85,1.7,Student,18-25,Bronze,North,Downtown,Mobile,6,49.3,Large
T00258,C038,P007,Avocado,Produce,Fresh Food,2025-11-24,4,1.5,6.0,Student,18-25,Bronze,North,Downtown,Mobile,6,49.3,Large
T00258,C038,P019,Bacon,Meat,Fresh Food,2025-11-24,3,5.4,16.2,Student,18-25,Bronze,North,Downtown,Mobile,6,49.3,Large
T00258,C038,P023,Coffee Beans,Beverages,Grocery,2025-11-24,1,8.9,8.9,Student,18-25,Bronze,North,Downtown,Mobile,6,49.3,Large
T00258,C038,P039,Jam,Pantry,Grocery,2025-11-24,3,2.8,8.4,Student,18-25,Bronze,North,Downtown,Mobile,6,49.3,Large
T00258,C038,P049,Toothpaste,Personal Care,Non-Food,2025-11-24,3,2.7,8.1,Student,18-25,Bronze,North,Downtown,Mobile,6,49.3,Large
T00250,C038,P011,Butter,Dairy,Fresh Food,2025-11-25,1,3.8,3.8,Student,18-25,Bronze,North,Eastpark,Mobile,4,19.6,Large
T00250,C038,P013,White Bread,Bakery,Fresh Food,2025-11-25,1,1.9,1.9,Student,18-25,Bronze,North,Eastpark,Mobile,4,19.6,Large
T00250,C038,P039,Jam,Pantry,Grocery,2025-11-25,3,2.8,8.4,Student,18-25,Bronze,North,Eastpark,Mobile,4,19.6,Large
T00250,C038,P044,Paper Towels,Household,Non-Food,2025-11-25,1,5.5,5.5,Student,18-25,Bronze,North,Eastpark,Mobile,4,19.6,Large
T00253,C040,P001,Bananas,Produce,Fresh Food,2025-11-25,4,0.59,2.36,Premium Shopper,41-60,Not Enrolled,Central,Eastpark,Cash,4,12.86,Large
T00253,C040,P008,Whole Milk,Dairy,Fresh Food,2025-11-25,1,2.1,2.1,Premium Shopper,41-60,Not Enrolled,Central,Eastpark,Cash,4,12.86,Large
T00253,C040,P042,Frozen Vegetables,Frozen,Grocery,2025-11-25,1,2.4,2.4,Premium Shopper,41-60,Not Enrolled,Central,Eastpark,Cash,4,12.86,Large
T00253,C040,P043,Frozen Fries,Frozen,Grocery,2025-11-25,2,3.0,6.0,Premium Shopper,41-60,Not Enrolled,Central,Eastpark,Cash,4,12.86,Large
T00254,C008,P034,Cereal,Pantry,Grocery,2025-11-26,1,3.9,3.9,Budget Shopper,26-40,Not Enrolled,Central,Westgate,Card,1,3.9,Single
T00267,C018,P024,Tea Bags,Beverages,Grocery,2025-11-27,1,3.6,3.6,Young Singles,26-40,Bronze,East,Hilltop,Cash,3,14.2,Small
T00267,C018,P025,Energy Drink,Beverages,Grocery,2025-11-27,1,2.2,2.2,Young Singles,26-40,Bronze,East,Hilltop,Cash,3,14.2,Small
T00267,C018,P035,Sugar,Pantry,Grocery,2025-11-27,4,2.1,8.4,Young Singles,26-40,Bronze,East,Hilltop,Cash,3,14.2,Small
T00268,C056,P011,Butter,Dairy,Fresh Food,2025-11-27,1,3.8,3.8,Premium Shopper,41-60,Silver,South,Hilltop,Cash,4,27.4,Large
T00268,C056,P023,Coffee Beans,Beverages,Grocery,2025-11-27,1,8.9,8.9,Premium Shopper,41-60,Silver,South,Hilltop,Cash,4,27.4,Large
T00268,C056,P033,Rice,Pantry,Grocery,2025-11-27,3,4.2,12.6,Premium Shopper,41-60,Silver,South,Hilltop,Cash,4,27.4,Large
T00268,C056,P035,Sugar,Pantry,Grocery,2025-11-27,1,2.1,2.1,Premium Shopper,41-60,Silver,South,Hilltop,Cash,4,27.4,Large
T00251,C017,P010,Greek Yogurt,Dairy,Fresh Food,2025-11-28,2,3.2,6.4,Senior,60+,Bronze,North,Downtown,Card,2,13.2,Small
T00251,C017,P021,Orange Juice,Beverages,Grocery,2025-11-28,2,3.4,6.8,Senior,60+,Bronze,North,Downtown,Card,2,13.2,Small
T00265,C019,P001,Bananas,Produce,Fresh Food,2025-11-28,5,0.59,2.95,Young Singles,26-40,Silver,North,Riverside,Cash,3,18.55,Small
T00265,C019,P033,Rice,Pantry,Grocery,2025-11-28,3,4.2,12.6,Young Singles,26-40,Silver,North,Riverside,Cash,3,18.55,Small
T00265,C019,P043,Frozen Fries,Frozen,Grocery,2025-11-28,1,3.0,3.0,Young Singles,26-40,Silver,North,Riverside,Cash,3,18.55,Small
T00275,C035,P012,Eggs,Dairy,Fresh Food,2025-11-28,1,2.6,2.6,Senior,60+,Not Enrolled,South,Westgate,Cash,6,38.0,Large
T00275,C035,P023,Coffee Beans,Beverages,Grocery,2025-11-28,1,8.9,8.9,Senior,60+,Not Enrolled,South,Westgate,Cash,6,38.0,Large
T00275,C035,P026,Potato Chips,Snacks,Grocery,2025-11-28,3,2.5,7.5,Senior,60+,Not Enrolled,South,Westgate,Cash,6,38.0,Large
T00275,C035,P027,Chocolate Bar,Snacks,Grocery,2025-11-28,1,1.3,1.3,Senior,60+,Not Enrolled,South,Westgate,Cash,6,38.0,Large
T00275,C035,P035,Sugar,Pantry,Grocery,2025-11-28,1,2.1,2.1,Senior,60+,Not Enrolled,South,Westgate,Cash,6,38.0,Large
T00275,C035,P036,Olive Oil,Pantry,Grocery,2025-11-28,2,7.8,15.6,Senior,60+,Not Enrolled,South,Westgate,Cash,6,38.0,Large
T00259,C059,P001,Bananas,Produce,Fresh Food,2025-11-29,3,0.59,1.77,Budget Shopper,26-40,Gold,Central,Hilltop,Voucher,5,23.47,Large
T00259,C059,P003,Tomatoes,Produce,Fresh Food,2025-11-29,2,1.8,3.6,Budget Shopper,26-40,Gold,Central,Hilltop,Voucher,5,23.47,Large
T00259,C059,P008,Whole Milk,Dairy,Fresh Food,2025-11-29,2,2.1,4.2,Budget Shopper,26-40,Gold,Central,Hilltop,Voucher,5,23.47,Large
T00259,C059,P010,Greek Yogurt,Dairy,Fresh Food,2025-11-29,4,3.2,12.8,Budget Shopper,26-40,Gold,Central,Hilltop,Voucher,5,23.47,Large
T00259,C059,P037,Canned Beans,Pantry,Grocery,2025-11-29,1,1.1,1.1,Budget Shopper,26-40,Gold,Central,Hilltop,Voucher,5,23.47,Large
T00249,C025,P001,Bananas,Produce,Fresh Food,2025-11-30,3,0.59,1.77,Budget Shopper,26-40,Not Enrolled,Central,Westgate,Card,4,32.77,Large
T00249,C025,P004,Lettuce,Produce,Fresh Food,2025-11-30,2,1.4,2.8,Budget Shopper,26-40,Not Enrolled,Central,Westgate,Card,4,32.77,Large
T00249,C025,P036,Olive Oil,Pantry,Grocery,2025-11-30,3,7.8,23.4,Budget Shopper,26-40,Not Enrolled,Central,Westgate,Card,4,32.77,Large
T00249,C025,P048,Shampoo,Personal Care,Non-Food,2025-11-30,1,4.8,4.8,Budget Shopper,26-40,Not Enrolled,Central,Westgate,Card,4,32.77,Large
T00279,C048,P020,Cola,Beverages,Grocery,2025-12-01,1,1.6,1.6,Student,18-25,Bronze,South,Downtown,Voucher,4,31.3,Large
T00279,C048,P023,Coffee Beans,Beverages,Grocery,2025-12-01,1,8.9,8.9,Student,18-25,Bronze,South,Downtown,Voucher,4,31.3,Large
T00279,C048,P036,Olive Oil,Pantry,Grocery,2025-12-01,2,7.8,15.6,Student,18-25,Bronze,South,Downtown,Voucher,4,31.3,Large
T00279,C048,P040,Frozen Pizza,Frozen,Grocery,2025-12-01,1,5.2,5.2,Student,18-25,Bronze,South,Downtown,Voucher,4,31.3,Large
T00300,C015,P020,Cola,Beverages,Grocery,2025-12-01,3,1.6,4.8,Premium Shopper,41-60,Not Enrolled,West,Downtown,Card,4,39.3,Large
T00300,C015,P023,Coffee Beans,Beverages,Grocery,2025-12-01,3,8.9,26.7,Premium Shopper,41-60,Not Enrolled,West,Downtown,Card,4,39.3,Large
T00300,C015,P024,Tea Bags,Beverages,Grocery,2025-12-01,1,3.6,3.6,Premium Shopper,41-60,Not Enrolled,West,Downtown,Card,4,39.3,Large
T00300,C015,P035,Sugar,Pantry,Grocery,2025-12-01,2,2.1,4.2,Premium Shopper,41-60,Not Enrolled,West,Downtown,Card,4,39.3,Large
T00302,C013,P014,Whole Wheat Bread,Bakery,Fresh Food,2025-12-02,2,2.4,4.8,Senior,60+,Silver,Central,Westgate,Mobile,4,19.6,Large
T00302,C013,P020,Cola,Beverages,Grocery,2025-12-02,4,1.6,6.4,Senior,60+,Silver,Central,Westgate,Mobile,4,19.6,Large
T00302,C013,P031,Pasta,Pantry,Grocery,2025-12-02,2,1.5,3.0,Senior,60+,Silver,Central,Westgate,Mobile,4,19.6,Large
T00302,C013,P032,Pasta Sauce,Pantry,Grocery,2025-12-02,2,2.7,5.4,Senior,60+,Silver,Central,Westgate,Mobile,4,19.6,Large
T00280,C033,P017,Chicken Breast,Meat,Fresh Food,2025-12-03,2,6.5,13.0,Premium Shopper,41-60,Not Enrolled,Central,Hilltop,Card,3,33.0,Small
T00280,C033,P025,Energy Drink,Beverages,Grocery,2025-12-03,2,2.2,4.4,Premium Shopper,41-60,Not Enrolled,Central,Hilltop,Card,3,33.0,Small
T00280,C033,P040,Frozen Pizza,Frozen,Grocery,2025-12-03,3,5.2,15.6,Premium Shopper,41-60,Not Enrolled,Central,Hilltop,Card,3,33.0,Small
T00299,C012,P018,Ground Beef,Meat,Fresh Food,2025-12-03,1,7.2,7.2,Young Singles,26-40,Not Enrolled,North,Riverside,Card,4,34.9,Large
T00299,C012,P020,Cola,Beverages,Grocery,2025-12-03,5,1.6,8.0,Young Singles,26-40,Not Enrolled,North,Riverside,Card,4,34.9,Large
T00299,C012,P040,Frozen Pizza,Frozen,Grocery,2025-12-03,1,5.2,5.2,Young Singles,26-40,Not Enrolled,North,Riverside,Card,4,34.9,Large
T00299,C012,P045,Dish Soap,Household,Non-Food,2025-12-03,5,2.9,14.5,Young Singles,26-40,Not Enrolled,North,Riverside,Card,4,34.9,Large
T00309,C003,P011,Butter,Dairy,Fresh Food,2025-12-03,2,3.8,7.6,Student,18-25,Silver,Central,Riverside,Card,3,17.9,Small
T00309,C003,P013,White Bread,Bakery,Fresh Food,2025-12-03,1,1.9,1.9,Student,18-25,Silver,Central,Riverside,Card,3,17.9,Small
T00309,C003,P039,Jam,Pantry,Grocery,2025-12-03,3,2.8,8.4,Student,18-25,Silver,Central,Riverside,Card,3,17.9,Small
T00093,C029,P004,Lettuce,Produce,Fresh Food,2025-12-05,1,1.4,1.4,Premium Shopper,41-60,Silver,East,Downtown,Mobile,4,20.7,Large
T00093,C029,P018,Ground Beef,Meat,Fresh Food,2025-12-05,1,7.2,7.2,Premium Shopper,41-60,Silver,East,Downtown,Mobile,4,20.7,Large
T00093,C029,P028,Cookies,Snacks,Grocery,2025-12-05,1,2.9,2.9,Premium Shopper,41-60,Silver,East,Downtown,Mobile,4,20.7,Large
T00093,C029,P041,Ice Cream,Frozen,Grocery,2025-12-05,2,4.6,9.2,Premium Shopper,41-60,Silver,East,Downtown,Mobile,4,20.7,Large
T00295,C009,P018,Ground Beef,Meat,Fresh Food,2025-12-05,1,7.2,7.2,Senior,60+,Silver,North,Eastpark,Mobile,4,36.4,Large
T00295,C009,P020,Cola,Beverages,Grocery,2025-12-05,2,1.6,3.2,Senior,60+,Silver,North,Eastpark,Mobile,4,36.4,Large
T00295,C009,P036,Olive Oil,Pantry,Grocery,2025-12-05,2,7.8,15.6,Senior,60+,Silver,North,Eastpark,Mobile,4,36.4,Large
T00295,C009,P040,Frozen Pizza,Frozen,Grocery,2025-12-05,2,5.2,10.4,Senior,60+,Silver,North,Eastpark,Mobile,4,36.4,Large
T00305,C045,P023,Coffee Beans,Beverages,Grocery,2025-12-05,1,8.9,8.9,Student,18-25,Silver,East,Eastpark,Mobile,2,32.3,Small
T00305,C045,P036,Olive Oil,Pantry,Grocery,2025-12-05,3,7.8,23.4,Student,18-25,Silver,East,Eastpark,Mobile,2,32.3,Small
T00276,C007,P004,Lettuce,Produce,Fresh Food,2025-12-06,1,1.4,1.4,Family,41-60,Silver,Central,Riverside,Cash,5,66.2,Large
T00276,C007,P011,Butter,Dairy,Fresh Food,2025-12-06,1,3.8,3.8,Family,41-60,Silver,Central,Riverside,Cash,5,66.2,Large
T00276,C007,P025,Energy Drink,Beverages,Grocery,2025-12-06,4,2.2,8.8,Family,41-60,Silver,Central,Riverside,Cash,5,66.2,Large
T00276,C007,P040,Frozen Pizza,Frozen,Grocery,2025-12-06,1,5.2,5.2,Family,41-60,Silver,Central,Riverside,Cash,5,66.2,Large
T00276,C007,P046,Laundry Detergent,Household,Non-Food,2025-12-06,5,9.4,47.0,Family,41-60,Silver,Central,Riverside,Cash,5,66.2,Large
T00292,C041,P011,Butter,Dairy,Fresh Food,2025-12-06,2,3.8,7.6,Young Singles,26-40,Silver,North,Hilltop,Card,3,19.6,Small
T00292,C041,P020,Cola,Beverages,Grocery,2025-12-06,1,1.6,1.6,Young Singles,26-40,Silver,North,Hilltop,Card,3,19.6,Small
T00292,C041,P040,Frozen Pizza,Frozen,Grocery,2025-12-06,2,5.2,10.4,Young Singles,26-40,Silver,North,Hilltop,Card,3,19.6,Small
T00307,C005,P024,Tea Bags,Beverages,Grocery,2025-12-06,3,3.6,10.8,Young Singles,26-40,Not Enrolled,South,Eastpark,Card,2,17.1,Small
T00307,C005,P035,Sugar,Pantry,Grocery,2025-12-06,3,2.1,6.3,Young Singles,26-40,Not Enrolled,South,Eastpark,Card,2,17.1,Small
T00301,C058,P046,Laundry Detergent,Household,Non-Food,2025-12-07,1,9.4,9.4,Family,41-60,Not Enrolled,Central,Hilltop,Mobile,2,11.6,Small
T00301,C058,P050,Hand Soap,Personal Care,Non-Food,2025-12-07,1,2.2,2.2,Family,41-60,Not Enrolled,Central,Hilltop,Mobile,2,11.6,Small
T00316,C047,P040,Frozen Pizza,Frozen,Grocery,2025-12-07,2,5.2,10.4,Young Singles,26-40,Silver,East,Downtown,Mobile,2,16.2,Small
T00316,C047,P045,Dish Soap,Household,Non-Food,2025-12-07,2,2.9,5.8,Young Singles,26-40,Silver,East,Downtown,Mobile,2,16.2,Small
T00282,C019,P012,Eggs,Dairy,Fresh Food,2025-12-08,4,2.6,10.4,Young Singles,26-40,Silver,North,Downtown,Card,4,38.0,Large
T00282,C019,P031,Pasta,Pantry,Grocery,2025-12-08,1,1.5,1.5,Young Singles,26-40,Silver,North,Downtown,Card,4,38.0,Large
T00282,C019,P032,Pasta Sauce,Pantry,Grocery,2025-12-08,1,2.7,2.7,Young Singles,26-40,Silver,North,Downtown,Card,4,38.0,Large
T00282,C019,P036,Olive Oil,Pantry,Grocery,2025-12-08,3,7.8,23.4,Young Singles,26-40,Silver,North,Downtown,Card,4,38.0,Large
T00283,C056,P020,Cola,Beverages,Grocery,2025-12-08,3,1.6,4.8,Premium Shopper,41-60,Silver,South,Hilltop,Card,2,10.0,Small
T00283,C056,P040,Frozen Pizza,Frozen,Grocery,2025-12-08,1,5.2,5.2,Premium Shopper,41-60,Silver,South,Hilltop,Card,2,10.0,Small
T00287,C012,P014,Whole Wheat Bread,Bakery,Fresh Food,2025-12-09,2,2.4,4.8,Young Singles,26-40,Not Enrolled,North,Eastpark,Card,6,21.3,Large
T00287,C012,P022,Sparkling Water,Beverages,Grocery,2025-12-09,1,1.1,1.1,Young Singles,26-40,Not Enrolled,North,Eastpark,Card,6,21.3,Large
T00287,C012,P024,Tea Bags,Beverages,Grocery,2025-12-09,1,3.6,3.6,Young Singles,26-40,Not Enrolled,North,Eastpark,Card,6,21.3,Large
T00287,C012,P027,Chocolate Bar,Snacks,Grocery,2025-12-09,2,1.3,2.6,Young Singles,26-40,Not Enrolled,North,Eastpark,Card,6,21.3,Large
T00287,C012,P028,Cookies,Snacks,Grocery,2025-12-09,1,2.9,2.9,Young Singles,26-40,Not Enrolled,North,Eastpark,Card,6,21.3,Large
T00287,C012,P035,Sugar,Pantry,Grocery,2025-12-09,3,2.1,6.3,Young Singles,26-40,Not Enrolled,North,Eastpark,Card,6,21.3,Large
T00289,C017,P011,Butter,Dairy,Fresh Food,2025-12-10,1,3.8,3.8,Senior,60+,Bronze,North,Eastpark,Mobile,1,3.8,Single
T00311,C005,P011,Butter,Dairy,Fresh Food,2025-12-10,3,3.8,11.4,Young Singles,26-40,Not Enrolled,South,Riverside,Voucher,4,23.8,Large
T00311,C005,P013,White Bread,Bakery,Fresh Food,2025-12-10,2,1.9,3.8,Young Singles,26-40,Not Enrolled,South,Riverside,Voucher,4,23.8,Large
T00311,C005,P025,Energy Drink,Beverages,Grocery,2025-12-10,2,2.2,4.4,Young Singles,26-40,Not Enrolled,South,Riverside,Voucher,4,23.8,Large
T00311,C005,P035,Sugar,Pantry,Grocery,2025-12-10,2,2.1,4.2,Young Singles,26-40,Not Enrolled,South,Riverside,Voucher,4,23.8,Large
T00297,C019,P031,Pasta,Pantry,Grocery,2025-12-12,2,1.5,3.0,Young Singles,26-40,Silver,North,Westgate,Cash,3,16.5,Small
T00297,C019,P032,Pasta Sauce,Pantry,Grocery,2025-12-12,2,2.7,5.4,Young Singles,26-40,Silver,North,Westgate,Cash,3,16.5,Small
T00297,C019,P049,Toothpaste,Personal Care,Non-Food,2025-12-12,3,2.7,8.1,Young Singles,26-40,Silver,North,Westgate,Cash,3,16.5,Small
T00303,C057,P028,Cookies,Snacks,Grocery,2025-12-12,1,2.9,2.9,Student,18-25,Bronze,Central,Downtown,Mobile,2,7.5,Small
T00303,C057,P041,Ice Cream,Frozen,Grocery,2025-12-12,1,4.6,4.6,Student,18-25,Bronze,Central,Downtown,Mobile,2,7.5,Small
T00277,C060,P004,Lettuce,Produce,Fresh Food,2025-12-13,2,1.4,2.8,Student,18-25,Silver,East,Westgate,Cash,5,33.2,Large
T00277,C060,P020,Cola,Beverages,Grocery,2025-12-13,3,1.6,4.8,Student,18-25,Silver,East,Westgate,Cash,5,33.2,Large
T00277,C060,P039,Jam,Pantry,Grocery,2025-12-13,2,2.8,5.6,Student,18-25,Silver,East,Westgate,Cash,5,33.2,Large
T00277,C060,P040,Frozen Pizza,Frozen,Grocery,2025-12-13,3,5.2,15.6,Student,18-25,Silver,East,Westgate,Cash,5,33.2,Large
T00277,C060,P050,Hand Soap,Personal Care,Non-Food,2025-12-13,2,2.2,4.4,Student,18-25,Silver,East,Westgate,Cash,5,33.2,Large
T00288,C013,P001,Bananas,Produce,Fresh Food,2025-12-13,2,0.59,1.18,Senior,60+,Silver,Central,Riverside,Mobile,3,11.58,Small
T00288,C013,P012,Eggs,Dairy,Fresh Food,2025-12-13,3,2.6,7.8,Senior,60+,Silver,Central,Riverside,Mobile,3,11.58,Small
T00288,C013,P027,Chocolate Bar,Snacks,Grocery,2025-12-13,2,1.3,2.6,Senior,60+,Silver,Central,Riverside,Mobile,3,11.58,Small
T00306,C023,P019,Bacon,Meat,Fresh Food,2025-12-13,2,5.4,10.8,Premium Shopper,41-60,Bronze,Central,Riverside,Card,4,36.4,Large
T00306,C023,P035,Sugar,Pantry,Grocery,2025-12-13,2,2.1,4.2,Premium Shopper,41-60,Bronze,Central,Riverside,Card,4,36.4,Large
T00306,C023,P036,Olive Oil,Pantry,Grocery,2025-12-13,2,7.8,15.6,Premium Shopper,41-60,Bronze,Central,Riverside,Card,4,36.4,Large
T00306,C023,P045,Dish Soap,Household,Non-Food,2025-12-13,2,2.9,5.8,Premium Shopper,41-60,Bronze,Central,Riverside,Card,4,36.4,Large
T00284,C040,P031,Pasta,Pantry,Grocery,2025-12-16,4,1.5,6.0,Premium Shopper,41-60,Not Enrolled,Central,Downtown,Mobile,2,8.7,Small
T00284,C040,P032,Pasta Sauce,Pantry,Grocery,2025-12-16,1,2.7,2.7,Premium Shopper,41-60,Not Enrolled,Central,Downtown,Mobile,2,8.7,Small
T00290,C054,P024,Tea Bags,Beverages,Grocery,2025-12-16,3,3.6,10.8,Premium Shopper,41-60,Gold,North,Downtown,Card,3,20.7,Small
T00290,C054,P035,Sugar,Pantry,Grocery,2025-12-16,1,2.1,2.1,Premium Shopper,41-60,Gold,North,Downtown,Card,3,20.7,Small
T00290,C054,P036,Olive Oil,Pantry,Grocery,2025-12-16,1,7.8,7.8,Premium Shopper,41-60,Gold,North,Downtown,Card,3,20.7,Small
T00286,C023,P008,Whole Milk,Dairy,Fresh Food,2025-12-17,1,2.1,2.1,Premium Shopper,41-60,Bronze,Central,Westgate,Mobile,3,12.8,Small
T00286,C023,P034,Cereal,Pantry,Grocery,2025-12-17,2,3.9,7.8,Premium Shopper,41-60,Bronze,Central,Westgate,Mobile,3,12.8,Small
T00286,C023,P045,Dish Soap,Household,Non-Food,2025-12-17,1,2.9,2.9,Premium Shopper,41-60,Bronze,Central,Westgate,Mobile,3,12.8,Small
T00296,C041,P020,Cola,Beverages,Grocery,2025-12-17,1,1.6,1.6,Young Singles,26-40,Silver,North,Eastpark,Card,3,14.5,Small
T00296,C041,P024,Tea Bags,Beverages,Grocery,2025-12-17,3,3.6,10.8,Young Singles,26-40,Silver,North,Eastpark,Card,3,14.5,Small
T00296,C041,P035,Sugar,Pantry,Grocery,2025-12-17,1,2.1,2.1,Young Singles,26-40,Silver,North,Eastpark,Card,3,14.5,Small
T00281,C056,P023,Coffee Beans,Beverages,Grocery,2025-12-19,4,8.9,35.6,Premium Shopper,41-60,Silver,South,Downtown,Cash,3,44.0,Small
T00281,C056,P044,Paper Towels,Household,Non-Food,2025-12-19,1,5.5,5.5,Premium Shopper,41-60,Silver,South,Downtown,Cash,3,44.0,Small
T00281,C056,P045,Dish Soap,Household,Non-Food,2025-12-19,1,2.9,2.9,Premium Shopper,41-60,Silver,South,Downtown,Cash,3,44.0,Small
T00308,C055,P020,Cola,Beverages,Grocery,2025-12-20,2,1.6,3.2,Student,18-25,Bronze,North,Hilltop,Mobile,4,16.5,Large
T00308,C055,P035,Sugar,Pantry,Grocery,2025-12-20,1,2.1,2.1,Student,18-25,Bronze,North,Hilltop,Mobile,4,16.5,Large
T00308,C055,P040,Frozen Pizza,Frozen,Grocery,2025-12-20,1,5.2,5.2,Student,18-25,Bronze,North,Hilltop,Mobile,4,16.5,Large
T00308,C055,P043,Frozen Fries,Frozen,Grocery,2025-12-20,2,3.0,6.0,Student,18-25,Bronze,North,Hilltop,Mobile,4,16.5,Large
T00310,C046,P023,Coffee Beans,Beverages,Grocery,2025-12-20,3,8.9,26.7,Premium Shopper,41-60,Silver,Central,Downtown,Card,4,41.0,Large
T00310,C046,P024,Tea Bags,Beverages,Grocery,2025-12-20,1,3.6,3.6,Premium Shopper,41-60,Silver,Central,Downtown,Card,4,41.0,Large
T00310,C046,P030,Pretzels,Snacks,Grocery,2025-12-20,1,2.3,2.3,Premium Shopper,41-60,Silver,Central,Downtown,Card,4,41.0,Large
T00310,C046,P035,Sugar,Pantry,Grocery,2025-12-20,4,2.1,8.4,Premium Shopper,41-60,Silver,Central,Downtown,Card,4,41.0,Large
T00291,C035,P032,Pasta Sauce,Pantry,Grocery,2025-12-21,1,2.7,2.7,Senior,60+,Not Enrolled,South,Riverside,Voucher,3,17.7,Small
T00291,C035,P033,Rice,Pantry,Grocery,2025-12-21,2,4.2,8.4,Senior,60+,Not Enrolled,South,Riverside,Voucher,3,17.7,Small
T00291,C035,P050,Hand Soap,Personal Care,Non-Food,2025-12-21,3,2.2,6.6,Senior,60+,Not Enrolled,South,Riverside,Voucher,3,17.7,Small
T00278,C003,P018,Ground Beef,Meat,Fresh Food,2025-12-22,1,7.2,7.2,Student,18-25,Silver,Central,Hilltop,Card,2,9.4,Small
T00278,C003,P050,Hand Soap,Personal Care,Non-Food,2025-12-22,1,2.2,2.2,Student,18-25,Silver,Central,Hilltop,Card,2,9.4,Small
T00312,C043,P020,Cola,Beverages,Grocery,2025-12-23,2,1.6,3.2,Student,18-25,Bronze,East,Westgate,Mobile,2,8.2,Small
T00312,C043,P026,Potato Chips,Snacks,Grocery,2025-12-23,2,2.5,5.0,Student,18-25,Bronze,East,Westgate,Mobile,2,8.2,Small
T00314,C017,P003,Tomatoes,Produce,Fresh Food,2025-12-24,1,1.8,1.8,Senior,60+,Bronze,North,Hilltop,Voucher,3,33.1,Small
T00314,C017,P019,Bacon,Meat,Fresh Food,2025-12-24,2,5.4,10.8,Senior,60+,Bronze,North,Hilltop,Voucher,3,33.1,Small
T00314,C017,P047,Trash Bags,Household,Non-Food,2025-12-24,5,4.1,20.5,Senior,60+,Bronze,North,Hilltop,Voucher,3,33.1,Small
T00304,C016,P010,Greek Yogurt,Dairy,Fresh Food,2025-12-26,1,3.2,3.2,Young Singles,26-40,Bronze,Central,Downtown,Voucher,4,26.9,Large
T00304,C016,P024,Tea Bags,Beverages,Grocery,2025-12-26,1,3.6,3.6,Young Singles,26-40,Bronze,Central,Downtown,Voucher,4,26.9,Large
T00304,C016,P039,Jam,Pantry,Grocery,2025-12-26,2,2.8,5.6,Young Singles,26-40,Bronze,Central,Downtown,Voucher,4,26.9,Large
T00304,C016,P045,Dish Soap,Household,Non-Food,2025-12-26,5,2.9,14.5,Young Singles,26-40,Bronze,Central,Downtown,Voucher,4,26.9,Large
T00315,C021,P010,Greek Yogurt,Dairy,Fresh Food,2025-12-28,1,3.2,3.2,Family,41-60,Bronze,South,Downtown,Mobile,5,43.9,Large
T00315,C021,P020,Cola,Beverages,Grocery,2025-12-28,2,1.6,3.2,Family,41-60,Bronze,South,Downtown,Mobile,5,43.9,Large
T00315,C021,P036,Olive Oil,Pantry,Grocery,2025-12-28,2,7.8,15.6,Family,41-60,Bronze,South,Downtown,Mobile,5,43.9,Large
T00315,C021,P037,Canned Beans,Pantry,Grocery,2025-12-28,1,1.1,1.1,Family,41-60,Bronze,South,Downtown,Mobile,5,43.9,Large
T00315,C021,P040,Frozen Pizza,Frozen,Grocery,2025-12-28,4,5.2,20.8,Family,41-60,Bronze,South,Downtown,Mobile,5,43.9,Large
T00293,C029,P011,Butter,Dairy,Fresh Food,2025-12-29,1,3.8,3.8,Premium Shopper,41-60,Silver,East,Hilltop,Mobile,4,22.0,Large
T00293,C029,P012,Eggs,Dairy,Fresh Food,2025-12-29,4,2.6,10.4,Premium Shopper,41-60,Silver,East,Hilltop,Mobile,4,22.0,Large
T00293,C029,P024,Tea Bags,Beverages,Grocery,2025-12-29,1,3.6,3.6,Premium Shopper,41-60,Silver,East,Hilltop,Mobile,4,22.0,Large
T00293,C029,P035,Sugar,Pantry,Grocery,2025-12-29,2,2.1,4.2,Premium Shopper,41-60,Silver,East,Hilltop,Mobile,4,22.0,Large
T00294,C031,P006,Carrots,Produce,Fresh Food,2025-12-29,1,0.85,0.85,Student,18-25,Bronze,East,Eastpark,Card,3,21.85,Small
T00294,C031,P007,Avocado,Produce,Fresh Food,2025-12-29,1,1.5,1.5,Student,18-25,Bronze,East,Eastpark,Card,3,21.85,Small
T00294,C031,P017,Chicken Breast,Meat,Fresh Food,2025-12-29,3,6.5,19.5,Student,18-25,Bronze,East,Eastpark,Card,3,21.85,Small
T00298,C036,P017,Chicken Breast,Meat,Fresh Food,2025-12-29,1,6.5,6.5,Premium Shopper,41-60,Bronze,North,Westgate,Card,5,39.8,Large
T00298,C036,P023,Coffee Beans,Beverages,Grocery,2025-12-29,2,8.9,17.8,Premium Shopper,41-60,Bronze,North,Westgate,Card,5,39.8,Large
T00298,C036,P025,Energy Drink,Beverages,Grocery,2025-12-29,2,2.2,4.4,Premium Shopper,41-60,Bronze,North,Westgate,Card,5,39.8,Large
T00298,C036,P035,Sugar,Pantry,Grocery,2025-12-29,3,2.1,6.3,Premium Shopper,41-60,Bronze,North,Westgate,Card,5,39.8,Large
T00298,C036,P042,Frozen Vegetables,Frozen,Grocery,2025-12-29,2,2.4,4.8,Premium Shopper,41-60,Bronze,North,Westgate,Card,5,39.8,Large
T00313,C021,P028,Cookies,Snacks,Grocery,2025-12-29,3,2.9,8.7,Family,41-60,Bronze,South,Eastpark,Voucher,3,16.0,Small
T00313,C021,P041,Ice Cream,Frozen,Grocery,2025-12-29,1,4.6,4.6,Family,41-60,Bronze,South,Eastpark,Voucher,3,16.0,Small
T00313,C021,P049,Toothpaste,Personal Care,Non-Food,2025-12-29,1,2.7,2.7,Family,41-60,Bronze,South,Eastpark,Voucher,3,16.0,Small
