TransactionID,CustomerID,ProductID,PurchaseDate,Quantity,UnitPrice,TotalAmount,StoreLocation,PaymentType,PurchaseDateRaw,ProductName,Category,Department,CustomerSegment,AgeGroup,LoyaltyTier,Region,BasketItemCount,BasketValue,BasketSizeSegment
T00137,C033,P020,2025-07-12,1,1.6,1.6,Westgate,Cash,07/12/2025,Cola,Beverages,Grocery,Premium Shopper,41-60,Not Enrolled,Central,4,23.7,Large
T00021,C029,P034,2025-02-16,1,3.9,3.9,Hilltop,Mobile,02/16/2025,Cereal,Pantry,Grocery,Premium Shopper,41-60,Silver,East,3,10.4,Small
T00264,C017,P041,2025-11-07,1,4.6,4.6,Downtown,Mobile,11/07/2025,Ice Cream,Frozen,Grocery,Senior,60+,Bronze,North,5,22.4,Large
T00257,C027,P025,2025-11-09,2,2.2,4.4,Westgate,Card,2025-11-09,Energy Drink,Beverages,Grocery,Family,41-60,Silver,East,2,9.9,Small
T00260,C012,P024,2025-11-06,2,3.6,7.2,Riverside,Cash,2025-11-06,Tea Bags,Beverages,Grocery,Young Singles,26-40,Not Enrolled,North,3,20.7,Small
T00023,C025,P035,2025-02-19,1,2.1,2.1,Westgate,Card,2025-02-19,Sugar,Pantry,Grocery,Budget Shopper,26-40,Not Enrolled,Central,4,17.7,Large
T00108,C035,P024,2025-06-10,1,3.6,3.6,Downtown,Mobile,2025-06-10,Tea Bags,Beverages,Grocery,Senior,60+,Not Enrolled,South,5,25.1,Large
T00261,C005,P023,2025-11-22,2,8.9,17.8,Hilltop,Card,11/22/2025,Coffee Beans,Beverages,Grocery,Young Singles,26-40,Not Enrolled,South,3,23.1,Small
T00124,C031,P036,2025-06-05,1,7.8,7.8,Riverside,Cash,05-06-2025,Olive Oil,Pantry,Grocery,Student,18-25,Bronze,East,3,16.8,Small
T00068,C018,P010,2025-04-06,2,3.2,6.4,Hilltop,Voucher,2025-04-06,Greek Yogurt,Dairy,Fresh Food,Young Singles,26-40,Bronze,East,2,9.7,Small
T00022,C009,P005,2025-02-03,3,0.9,2.7,Riverside,Card,2025-02-03,Onions,Produce,Fresh Food,Senior,60+,Silver,North,4,12.7,Large
T00112,C045,P014,2025-06-19,3,2.4,7.2,Downtown,Card,2025-06-19,Whole Wheat Bread,Bakery,Fresh Food,Student,18-25,Silver,East,3,20.1,Small
T00273,C024,P025,2025-11-14,1,2.2,2.2,Downtown,Mobile,2025-11-14,Energy Drink,Beverages,Grocery,Student,18-25,Not Enrolled,West,6,31.6,Large
T00271,C033,P025,2025-11-22,2,2.2,4.4,Hilltop,Card,2025-11-22,Energy Drink,Beverages,Grocery,Premium Shopper,41-60,Not Enrolled,Central,6,20.6,Large
T00109,C026,P010,2025-06-04,2,3.2,6.4,Hilltop,Mobile,2025-06-04,Greek Yogurt,Dairy,Fresh Food,Family,41-60,Silver,North,6,42.0,Large
T00262,C043,P035,2025-11-20,2,2.1,4.2,Hilltop,Mobile,2025-11-20,Sugar,Pantry,Grocery,Student,18-25,Bronze,East,3,14.3,Small
T00226,C006,P032,2025-10-25,2,2.7,5.4,Riverside,Cash,2025-10-25,Pasta Sauce,Pantry,Grocery,Premium Shopper,41-60,Bronze,Central,3,16.8,Small
T00180,C044,P002,2025-08-18,1,1.2,1.2,Riverside,Mobile,18-08-2025,Apples,Produce,Fresh Food,Budget Shopper,26-40,Not Enrolled,North,5,32.9,Large
T00083,C052,P029,2025-05-10,1,2.0,2.0,Westgate,Mobile,2025-05-10,Popcorn,Snacks,Grocery,Young Singles,26-40,Not Enrolled,East,4,14.4,Large
T00280,C033,P040,2025-12-03,3,5.2,15.6,Hilltop,Card,2025-12-03,Frozen Pizza,Frozen,Grocery,Premium Shopper,41-60,Not Enrolled,Central,3,33.0,Small
T00167,C053,P014,2025-08-18,5,2.4,12.0,Hilltop,Cash,08/18/2025,Whole Wheat Bread,Bakery,Fresh Food,Senior,60+,Not Enrolled,South,4,23.2,Large
T00071,C004,P008,2025-04-20,1,2.1,2.1,Downtown,Card,20-04-2025,Whole Milk,Dairy,Fresh Food,Young Singles,26-40,Bronze,North,4,22.6,Large
T00039,C021,P018,2025-03-24,1,7.2,7.2,Eastpark,Card,2025-03-24,Ground Beef,Meat,Fresh Food,Family,41-60,Bronze,South,6,40.7,Large
T00048,C056,P004,2025-03-23,1,1.4,1.4,Downtown,Card,2025-03-23,Lettuce,Produce,Fresh Food,Premium Shopper,41-60,Silver,South,6,35.9,Large
T00291,C035,P033,2025-12-21,2,4.2,8.4,Riverside,Voucher,2025-12-21,Rice,Pantry,Grocery,Senior,60+,Not Enrolled,South,3,17.7,Small
T00272,C043,P050,2025-11-16,2,2.2,4.4,Riverside,Mobile,2025-11-16,Hand Soap,Personal Care,Non-Food,Student,18-25,Bronze,East,1,4.4,Single
T00132,C037,P025,2025-06-11,5,2.2,11.0,Eastpark,Mobile,06/11/2025,Energy Drink,Beverages,Grocery,Young Singles,26-40,Not Enrolled,South,2,14.2,Small
T00172,C030,P041,2025-08-24,2,4.6,9.2,Hilltop,Mobile,08/24/2025,Ice Cream,Frozen,Grocery,Family,41-60,Bronze,West,3,18.7,Small
T00201,C022,P002,2025-09-01,3,1.2,3.6,Eastpark,Card,2025-09-01,Apples,Produce,Fresh Food,Student,18-25,Not Enrolled,North,4,21.6,Large
T00165,C011,P040,2025-08-18,1,5.2,5.2,Westgate,Card,2025-08-18,Frozen Pizza,Frozen,Grocery,Senior,60+,Not Enrolled,East,5,34.5,Large
T00307,C005,P035,2025-12-06,3,2.1,6.3,Eastpark,Card,2025-12-06,Sugar,Pantry,Grocery,Young Singles,26-40,Not Enrolled,South,2,17.1,Small
T00093,C029,P028,2025-05-12,1,2.9,2.9,Downtown,Mobile,12-05-2025,Cookies,Snacks,Grocery,Premium Shopper,41-60,Silver,East,4,20.7,Large
T00155,C021,P011,2025-07-08,4,3.8,15.2,Westgate,Card,07/08/2025,Butter,Dairy,Fresh Food,Family,41-60,Bronze,South,4,22.3,Large
T00113,C034,P041,2025-06-05,3,4.6,13.8,Riverside,Cash,05-06-2025,Ice Cream,Frozen,Grocery,Budget Shopper,26-40,Gold,West,3,19.4,Small
T00029,C042,P030,2025-02-17,3,2.3,6.9,Hilltop,Card,2025-02-17,Pretzels,Snacks,Grocery,Student,18-25,Silver,East,3,16.3,Small
T00164,C008,P037,2025-07-10,2,1.1,2.2,Riverside,Card,2025-07-10,Canned Beans,Pantry,Grocery,Budget Shopper,26-40,Not Enrolled,Central,3,14.0,Small
T00063,C042,P011,2025-04-28,1,3.8,3.8,Eastpark,Mobile,2025-04-28,Butter,Dairy,Fresh Food,Student,18-25,Silver,East,3,8.9,Small
T00248,C004,P035,2025-11-22,3,2.1,6.3,Riverside,Card,11/22/2025,Sugar,Pantry,Grocery,Young Singles,26-40,Bronze,North,7,79.8,Large
T00229,C057,P007,2025-10-13,1,1.5,1.5,Hilltop,Mobile,2025-10-13,Avocado,Produce,Fresh Food,Student,18-25,Bronze,Central,4,15.7,Large
T00009,C043,P017,2025-01-01,2,6.5,13.0,Eastpark,Card,2025-01-01,Chicken Breast,Meat,Fresh Food,Student,18-25,Bronze,East,6,57.7,Large
T00158,C040,P022,2025-07-21,2,1.1,2.2,Downtown,Cash,2025-07-21,Sparkling Water,Beverages,Grocery,Premium Shopper,41-60,Not Enrolled,Central,4,15.7,Large
T00025,C017,P023,2025-02-14,1,8.9,8.9,Downtown,Cash,02/14/2025,Coffee Beans,Beverages,Grocery,Senior,60+,Bronze,North,2,11.0,Small
T00133,C038,P025,2025-06-18,1,2.2,2.2,Riverside,Cash,2025-06-18,Energy Drink,Beverages,Grocery,Student,18-25,Bronze,North,3,20.1,Small
T00036,C020,P040,2025-02-15,2,5.2,10.4,Eastpark,Voucher,2025-02-15,Frozen Pizza,Frozen,Grocery,Budget Shopper,26-40,Not Enrolled,East,4,19.7,Large
T00060,C017,P032,2025-04-06,1,2.7,2.7,Downtown,Card,2025-04-06,Pasta Sauce,Pantry,Grocery,Senior,60+,Bronze,North,3,7.5,Small
T00047,C055,P003,2025-03-22,5,1.8,9.0,Eastpark,Card,2025-03-22,Tomatoes,Produce,Fresh Food,Student,18-25,Bronze,North,4,21.9,Large
T00108,C035,P047,2025-06-10,3,4.1,12.3,Downtown,Mobile,2025-06-10,Trash Bags,Household,Non-Food,Senior,60+,Not Enrolled,South,5,25.1,Large
T00150,C010,P020,2025-07-21,1,1.6,1.6,Westgate,Card,2025-07-21,Cola,Beverages,Grocery,Family,41-60,Silver,East,1,1.6,Single
T00303,C057,P028,2025-12-12,1,2.9,2.9,Downtown,Mobile,2025-12-12,Cookies,Snacks,Grocery,Student,18-25,Bronze,Central,2,7.5,Small
T00134,C016,P027,2025-06-16,1,1.3,1.3,Riverside,Card,06/16/2025,Chocolate Bar,Snacks,Grocery,Young Singles,26-40,Bronze,Central,5,18.1,Large
T00070,C006,P027,2025-04-22,2,1.3,2.6,Hilltop,Card,2025-04-22,Chocolate Bar,Snacks,Grocery,Premium Shopper,41-60,Bronze,Central,4,17.3,Large
T00300,C015,P020,2025-12-01,3,1.6,4.8,Downtown,Card,2025-12-01,Cola,Beverages,Grocery,Premium Shopper,41-60,Not Enrolled,West,4,39.3,Large
T00220,C053,P043,2025-10-17,2,3.0,6.0,Eastpark,Card,2025-10-17,Frozen Fries,Frozen,Grocery,Senior,60+,Not Enrolled,South,3,13.8,Small
T00048,C056,P021,2025-03-23,1,3.4,3.4,Downtown,Card,2025-03-23,Orange Juice,Beverages,Grocery,Premium Shopper,41-60,Silver,South,6,35.9,Large
T00032,C019,P035,2025-02-03,1,2.1,2.1,Riverside,Card,2025-02-03,Sugar,Pantry,Grocery,Young Singles,26-40,Silver,North,4,30.9,Large
T00294,C031,P006,2025-12-29,1,0.85,0.85,Eastpark,Card,12/29/2025,Carrots,Produce,Fresh Food,Student,18-25,Bronze,East,3,21.85,Small
T00197,C052,P025,2025-09-29,2,2.2,4.4,Eastpark,Card,29-09-2025,Energy Drink,Beverages,Grocery,Young Singles,26-40,Not Enrolled,East,3,16.2,Small
T00086,C059,P029,2025-05-10,1,2.0,2.0,Westgate,Mobile,2025-05-10,Popcorn,Snacks,Grocery,Budget Shopper,26-40,Gold,Central,4,20.9,Large
T00051,C037,P023,2025-03-01,2,8.9,17.8,Downtown,Voucher,03/01/2025,Coffee Beans,Beverages,Grocery,Young Singles,26-40,Not Enrolled,South,5,34.5,Large
T00044,C018,P010,2025-03-17,2,3.2,6.4,Downtown,Card,2025-03-17,Greek Yogurt,Dairy,Fresh Food,Young Singles,26-40,Bronze,East,4,21.8,Large
T00313,C021,P041,2025-12-29,1,4.6,4.6,Eastpark,Voucher,2025-12-29,Ice Cream,Frozen,Grocery,Family,41-60,Bronze,South,3,16.0,Small
T00017,C042,P023,2025-01-20,2,8.9,17.8,Hilltop,Cash,2025-01-20,Coffee Beans,Beverages,Grocery,Student,18-25,Silver,East,2,20.8,Small
T00215,C051,P007,2025-09-27,2,1.5,3.0,Hilltop,Card,09/27/2025,Avocado,Produce,Fresh Food,Young Singles,26-40,Bronze,West,5,29.5,Large
T00304,C016,P010,2025-12-26,1,3.2,3.2,Downtown,Voucher,2025-12-26,Greek Yogurt,Dairy,Fresh Food,Young Singles,26-40,Bronze,Central,4,26.9,Large
T00111,C058,P047,2025-06-26,3,4.1,12.3,Downtown,Cash,2025-06-26,Trash Bags,Household,Non-Food,Family,41-60,Not Enrolled,Central,4,28.6,Large
T00117,C007,P009,2025-06-02,2,4.5,9.0,Westgate,Card,2025-06-02,Cheddar Cheese,Dairy,Fresh Food,Family,41-60,Silver,Central,4,58.97,Large
T00274,C034,P035,2025-11-19,1,2.1,2.1,Downtown,Cash,2025-11-19,Sugar,Pantry,Grocery,Budget Shopper,26-40,Gold,West,2,9.3,Small
T00129,C026,P020,2025-06-18,3,1.6,4.8,Eastpark,Card,18-06-2025,Cola,Beverages,Grocery,Family,41-60,Silver,North,5,20.4,Large
T00273,C024,P031,2025-11-14,1,1.5,1.5,Downtown,Mobile,2025-11-14,Pasta,Pantry,Grocery,Student,18-25,Not Enrolled,West,6,31.6,Large
T00063,C042,P030,2025-04-28,1,2.3,2.3,Eastpark,Mobile,2025-04-28,Pretzels,Snacks,Grocery,Student,18-25,Silver,East,3,8.9,Small
T00109,C026,P003,2025-06-04,3,1.8,5.4,Hilltop,Mobile,2025-06-04,Tomatoes,Produce,Fresh Food,Family,41-60,Silver,North,6,42.0,Large
T00124,C031,P020,2025-06-05,2,1.6,3.2,Riverside,Cash,05-06-2025,Cola,Beverages,Grocery,Student,18-25,Bronze,East,3,16.8,Small
T00210,C038,P044,2025-09-25,1,5.5,5.5,Riverside,Cash,09/25/2025,Paper Towels,Household,Non-Food,Student,18-25,Bronze,North,5,25.4,Large
T00037,C019,P044,2025-03-16,3,5.5,16.5,Downtown,Card,03/16/2025,Paper Towels,Household,Non-Food,Young Singles,26-40,Silver,North,4,26.2,Large
T00273,C024,P040,2025-11-14,1,5.2,5.2,Downtown,Mobile,2025-11-14,Frozen Pizza,Frozen,Grocery,Student,18-25,Not Enrolled,West,6,31.6,Large
T00301,C058,P046,2025-12-07,1,9.4,9.4,Hilltop,Mobile,12/07/2025,Laundry Detergent,Household,Non-Food,Family,41-60,Not Enrolled,Central,2,11.6,Small
T00111,C058,P038,2025-06-26,1,3.5,3.5,Downtown,Cash,2025-06-26,Peanut Butter,Pantry,Grocery,Family,41-60,Not Enrolled,Central,4,28.6,Large
T00277,C060,P020,2025-12-13,3,1.6,4.8,Westgate,Cash,2025-12-13,Cola,Beverages,Grocery,Student,18-25,Silver,East,5,33.2,Large
T00044,C018,P043,2025-03-17,2,3.0,6.0,Downtown,Card,2025-03-17,Frozen Fries,Frozen,Grocery,Young Singles,26-40,Bronze,East,4,21.8,Large
T00237,C042,P047,2025-10-09,2,4.1,8.2,Hilltop,Card,10/09/2025,Trash Bags,Household,Non-Food,Student,18-25,Silver,East,3,20.0,Small
T00105,C009,P008,2025-05-13,1,2.1,2.1,Hilltop,Cash,2025-05-13,Whole Milk,Dairy,Fresh Food,Senior,60+,Silver,North,2,9.3,Small
T00253,C040,P008,2025-11-25,1,2.1,2.1,Eastpark,Cash,2025-11-25,Whole Milk,Dairy,Fresh Food,Premium Shopper,41-60,Not Enrolled,Central,4,12.86,Large
T00017,C042,P031,2025-01-20,2,1.5,3.0,Hilltop,Cash,2025-01-20,Pasta,Pantry,Grocery,Student,18-25,Silver,East,2,20.8,Small
T00249,C025,P001,2025-11-30,3,0.59,1.77,Westgate,Card,11/30/2025,Bananas,Produce,Fresh Food,Budget Shopper,26-40,Not Enrolled,Central,4,32.77,Large
T00268,C056,P035,2025-11-27,1,2.1,2.1,Hilltop,Cash,2025-11-27,Sugar,Pantry,Grocery,Premium Shopper,41-60,Silver,South,4,27.4,Large
T00036,C020,P014,2025-02-15,1,2.4,2.4,Eastpark,Voucher,2025-02-15,Whole Wheat Bread,Bakery,Fresh Food,Budget Shopper,26-40,Not Enrolled,East,4,19.7,Large
T00121,C019,P026,2025-06-26,1,2.5,2.5,Eastpark,Mobile,2025-06-26,Potato Chips,Snacks,Grocery,Young Singles,26-40,Silver,North,4,14.7,Large
T00144,C025,P011,2025-07-13,1,3.8,3.8,Westgate,Cash,2025-07-13,Butter,Dairy,Fresh Food,Budget Shopper,26-40,Not Enrolled,Central,1,3.8,Single
T00204,C005,P046,2025-09-24,2,9.4,18.8,Riverside,Card,2025-09-24,Laundry Detergent,Household,Non-Food,Young Singles,26-40,Not Enrolled,South,4,37.3,Large
T00275,C035,P036,2025-11-28,2,7.8,15.6,Westgate,Cash,2025-11-28,Olive Oil,Pantry,Grocery,Senior,60+,Not Enrolled,South,6,38.0,Large
T00282,C019,P036,2025-12-08,3,7.8,23.4,Downtown,Card,12/08/2025,Olive Oil,Pantry,Grocery,Young Singles,26-40,Silver,North,4,38.0,Large
T00035,C053,P010,2025-02-04,2,3.2,6.4,Downtown,Card,2025-02-04,Greek Yogurt,Dairy,Fresh Food,Senior,60+,Not Enrolled,South,4,14.4,Large
T00003,C028,P026,2025-01-12,3,2.5,7.5,Westgate,Cash,01/12/2025,Potato Chips,Snacks,Grocery,Budget Shopper,26-40,Not Enrolled,South,4,14.2,Large
T00277,C060,P040,2025-12-13,3,5.2,15.6,Westgate,Cash,2025-12-13,Frozen Pizza,Frozen,Grocery,Student,18-25,Silver,East,5,33.2,Large
T00031,C023,P034,2025-02-07,1,3.9,3.9,Hilltop,Card,02/07/2025,Cereal,Pantry,Grocery,Premium Shopper,41-60,Bronze,Central,4,35.67,Large
T00007,C005,P039,2025-01-06,2,2.8,5.6,Eastpark,Card,01/06/2025,Jam,Pantry,Grocery,Young Singles,26-40,Not Enrolled,South,4,38.8,Large
T00236,C031,P047,2025-10-19,4,4.1,16.4,Eastpark,Mobile,2025-10-19,Trash Bags,Household,Non-Food,Student,18-25,Bronze,East,3,52.8,Small
T00012,C036,P035,2025-01-25,1,2.1,2.1,Westgate,Voucher,01/25/2025,Sugar,Pantry,Grocery,Premium Shopper,41-60,Bronze,North,6,49.0,Large
T00058,C018,P042,2025-03-13,3,2.4,7.2,Riverside,Voucher,13-03-2025,Frozen Vegetables,Frozen,Grocery,Young Singles,26-40,Bronze,East,5,22.65,Large
T00030,C050,P018,2025-02-18,4,7.2,28.8,Westgate,Cash,02/18/2025,Ground Beef,Meat,Fresh Food,Premium Shopper,41-60,Gold,Central,4,41.25,Large
T00246,C039,P014,2025-11-14,2,2.4,4.8,Eastpark,Card,11/14/2025,Whole Wheat Bread,Bakery,Fresh Food,Budget Shopper,26-40,Bronze,West,5,44.0,Large
T00230,C041,P040,2025-10-22,1,5.2,5.2,Downtown,Card,2025-10-22,Frozen Pizza,Frozen,Grocery,Young Singles,26-40,Silver,North,4,28.0,Large
T00152,C025,P008,2025-07-14,2,2.1,4.2,Downtown,Mobile,2025-07-14,Whole Milk,Dairy,Fresh Food,Budget Shopper,26-40,Not Enrolled,Central,6,21.6,Large
T00234,C021,P001,2025-10-22,1,0.59,0.59,Westgate,Mobile,2025-10-22,Bananas,Produce,Fresh Food,Family,41-60,Bronze,South,4,23.39,Large
T00132,C037,P010,2025-06-11,1,3.2,3.2,Eastpark,Mobile,06/11/2025,Greek Yogurt,Dairy,Fresh Food,Young Singles,26-40,Not Enrolled,South,2,14.2,Small
T00135,C018,P014,2025-06-02,5,2.4,12.0,Westgate,Mobile,2025-06-02,Whole Wheat Bread,Bakery,Fresh Food,Young Singles,26-40,Bronze,East,5,50.1,Large
T00147,C003,P046,2025-07-22,1,9.4,9.4,Riverside,Voucher,2025-07-22,Laundry Detergent,Household,Non-Food,Student,18-25,Silver,Central,6,53.4,Large
T00003,C028,P007,2025-01-12,1,1.5,1.5,Westgate,Cash,01/12/2025,Avocado,Produce,Fresh Food,Budget Shopper,26-40,Not Enrolled,South,4,14.2,Large
T00147,C003,P039,2025-07-22,5,2.8,14.0,Riverside,Voucher,2025-07-22,Jam,Pantry,Grocery,Student,18-25,Silver,Central,6,53.4,Large
T00248,C004,P017,2025-11-22,2,6.5,13.0,Riverside,Card,11/22/2025,Chicken Breast,Meat,Fresh Food,Young Singles,26-40,Bronze,North,7,79.8,Large
T00106,C040,P037,2025-05-28,1,1.1,1.1,Westgate,Card,05/28/2025,Canned Beans,Pantry,Grocery,Premium Shopper,41-60,Not Enrolled,Central,2,7.9,Small
T00234,C021,P003,2025-10-22,1,1.8,1.8,Westgate,Mobile,2025-10-22,Tomatoes,Produce,Fresh Food,Family,41-60,Bronze,South,4,23.39,Large
T00207,C014,P016,2025-09-11,3,3.1,9.3,Riverside,Card,2025-09-11,Croissant,Bakery,Fresh Food,Senior,60+,Silver,West,6,25.4,Large
T00204,C005,P043,2025-09-24,1,3.0,3.0,Riverside,Card,2025-09-24,Frozen Fries,Frozen,Grocery,Young Singles,26-40,Not Enrolled,South,4,37.3,Large
T00037,C019,P015,2025-03-16,2,2.8,5.6,Downtown,Card,03/16/2025,Bagels,Bakery,Fresh Food,Young Singles,26-40,Silver,North,4,26.2,Large
T00084,C031,P008,2025-05-21,1,2.1,2.1,Hilltop,Cash,2025-05-21,Whole Milk,Dairy,Fresh Food,Student,18-25,Bronze,East,5,28.35,Large
T00263,C009,P032,2025-11-12,1,2.7,2.7,Hilltop,Mobile,2025-11-12,Pasta Sauce,Pantry,Grocery,Senior,60+,Silver,North,3,27.7,Small
T00205,C025,P032,2025-09-02,1,2.7,2.7,Westgate,Mobile,02-09-2025,Pasta Sauce,Pantry,Grocery,Budget Shopper,26-40,Not Enrolled,Central,5,42.5,Large
T00121,C019,P033,2025-06-26,1,4.2,4.2,Eastpark,Mobile,2025-06-26,Rice,Pantry,Grocery,Young Singles,26-40,Silver,North,4,14.7,Large
T00023,C025,P048,2025-02-19,1,4.8,4.8,Westgate,Card,2025-02-19,Shampoo,Personal Care,Non-Food,Budget Shopper,26-40,Not Enrolled,Central,4,17.7,Large
T00222,C053,P041,2025-10-19,3,4.6,13.8,Riverside,Card,10/19/2025,Ice Cream,Frozen,Grocery,Senior,60+,Not Enrolled,South,5,39.5,Large
T00155,C021,P037,2025-07-08,2,1.1,2.2,Westgate,Card,07/08/2025,Canned Beans,Pantry,Grocery,Family,41-60,Bronze,South,4,22.3,Large
T00023,C025,P039,2025-02-19,2,2.8,5.6,Westgate,Card,2025-02-19,Jam,Pantry,Grocery,Budget Shopper,26-40,Not Enrolled,Central,4,17.7,Large
T00013,C053,P015,2025-01-07,2,2.8,5.6,Westgate,Card,01/07/2025,Bagels,Bakery,Fresh Food,Senior,60+,Not Enrolled,South,5,49.8,Large
T00005,C001,P045,2025-01-13,1,2.9,2.9,Westgate,Card,01/13/2025,Dish Soap,Household,Non-Food,Student,18-25,Not Enrolled,East,3,25.6,Small
T00172,C030,P025,2025-08-24,3,2.2,6.6,Hilltop,Mobile,08/24/2025,Energy Drink,Beverages,Grocery,Family,41-60,Bronze,West,3,18.7,Small
T00031,C023,P036,2025-02-07,2,7.8,15.6,Hilltop,Card,02/07/2025,Olive Oil,Pantry,Grocery,Premium Shopper,41-60,Bronze,Central,4,35.67,Large
T00007,C005,P023,2025-01-06,2,8.9,17.8,Eastpark,Card,01/06/2025,Coffee Beans,Beverages,Grocery,Young Singles,26-40,Not Enrolled,South,4,38.8,Large
T00158,C040,P020,2025-07-21,1,1.6,1.6,Downtown,Cash,2025-07-21,Cola,Beverages,Grocery,Premium Shopper,41-60,Not Enrolled,Central,4,15.7,Large
T00079,C007,P043,2025-04-11,4,3.0,12.0,Eastpark,Mobile,2025-04-11,Frozen Fries,Frozen,Grocery,Family,41-60,Silver,Central,4,22.3,Large
T00131,C039,P014,2025-06-15,3,2.4,7.2,Downtown,Card,2025-06-15,Whole Wheat Bread,Bakery,Fresh Food,Budget Shopper,26-40,Bronze,West,3,19.5,Small
T00005,C001,P028,2025-01-13,5,2.9,14.5,Westgate,Card,01/13/2025,Cookies,Snacks,Grocery,Student,18-25,Not Enrolled,East,3,25.6,Small
T00204,C005,P006,2025-09-24,2,0.85,1.7,Riverside,Card,2025-09-24,Carrots,Produce,Fresh Food,Young Singles,26-40,Not Enrolled,South,4,37.3,Large
T00207,C014,P020,2025-09-11,2,1.6,3.2,Riverside,Card,2025-09-11,Cola,Beverages,Grocery,Senior,60+,Silver,West,6,25.4,Large
T00205,C025,P035,2025-09-02,2,2.1,4.2,Westgate,Mobile,02-09-2025,Sugar,Pantry,Grocery,Budget Shopper,26-40,Not Enrolled,Central,5,42.5,Large
T00101,C060,P036,2025-05-11,1,7.8,7.8,Riverside,Card,11-05-2025,Olive Oil,Pantry,Grocery,Student,18-25,Silver,East,5,38.45,Large
T00221,C056,P011,2025-10-11,1,3.8,3.8,Hilltop,Card,10/11/2025,Butter,Dairy,Fresh Food,Premium Shopper,41-60,Silver,South,5,21.9,Large
T00273,C024,P023,2025-11-14,1,8.9,8.9,Downtown,Mobile,2025-11-14,Coffee Beans,Beverages,Grocery,Student,18-25,Not Enrolled,West,6,31.6,Large
T00191,C008,P030,2025-08-14,1,2.3,2.3,Eastpark,Card,08/14/2025,Pretzels,Snacks,Grocery,Budget Shopper,26-40,Not Enrolled,Central,3,11.35,Small
T00181,C018,P022,2025-08-05,2,1.1,2.2,Downtown,Card,2025-08-05,Sparkling Water,Beverages,Grocery,Young Singles,26-40,Bronze,East,2,8.6,Small
T00148,C007,P026,2025-07-02,2,2.5,5.0,Westgate,Card,2025-07-02,Potato Chips,Snacks,Grocery,Family,41-60,Silver,Central,4,19.4,Large
T00078,C006,P011,2025-04-23,2,3.8,7.6,Eastpark,Mobile,2025-04-23,Butter,Dairy,Fresh Food,Premium Shopper,41-60,Bronze,Central,4,19.5,Large
T00245,C012,P021,2025-11-19,3,3.4,10.2,Riverside,Card,2025-11-19,Orange Juice,Beverages,Grocery,Young Singles,26-40,Not Enrolled,North,4,73.6,Large
T00175,C007,P022,2025-08-23,1,1.1,1.1,Downtown,Card,2025-08-23,Sparkling Water,Beverages,Grocery,Family,41-60,Silver,Central,4,17.47,Large
T00074,C050,P010,2025-04-29,2,3.2,6.4,Hilltop,Card,29-04-2025,Greek Yogurt,Dairy,Fresh Food,Premium Shopper,41-60,Gold,Central,5,31.5,Large
T00126,C029,P029,2025-06-17,3,2.0,6.0,Downtown,Mobile,06/17/2025,Popcorn,Snacks,Grocery,Premium Shopper,41-60,Silver,East,3,19.4,Small
T00090,C023,P044,2025-05-02,1,5.5,5.5,Eastpark,Card,2025-05-02,Paper Towels,Household,Non-Food,Premium Shopper,41-60,Bronze,Central,5,24.1,Large
T00002,C041,P018,2025-01-23,2,7.2,14.4,Downtown,Card,23-01-2025,Ground Beef,Meat,Fresh Food,Young Singles,26-40,Silver,North,5,32.6,Large
T00268,C056,P023,2025-11-27,1,8.9,8.9,Hilltop,Cash,2025-11-27,Coffee Beans,Beverages,Grocery,Premium Shopper,41-60,Silver,South,4,27.4,Large
T00117,C007,P001,2025-06-02,3,0.59,1.77,Westgate,Card,2025-06-02,Bananas,Produce,Fresh Food,Family,41-60,Silver,Central,4,58.97,Large
T00104,C004,P010,2025-05-23,3,3.2,9.6,Riverside,Card,2025-05-23,Greek Yogurt,Dairy,Fresh Food,Young Singles,26-40,Bronze,North,2,12.4,Small
T00087,C004,P008,2025-05-04,2,2.1,4.2,Riverside,Card,05/04/2025,Whole Milk,Dairy,Fresh Food,Young Singles,26-40,Bronze,North,3,12.4,Small
T00123,C008,P025,2025-06-22,2,2.2,4.4,Westgate,Card,2025-06-22,Energy Drink,Beverages,Grocery,Budget Shopper,26-40,Not Enrolled,Central,3,37.2,Small
T00134,C016,P036,2025-06-16,1,7.8,7.8,Riverside,Card,06/16/2025,Olive Oil,Pantry,Grocery,Young Singles,26-40,Bronze,Central,5,18.1,Large
T00172,C030,P028,2025-08-24,1,2.9,2.9,Hilltop,Mobile,08/24/2025,Cookies,Snacks,Grocery,Family,41-60,Bronze,West,3,18.7,Small
T00016,C040,P019,2025-01-06,1,5.4,5.4,Eastpark,Card,2025-01-06,Bacon,Meat,Fresh Food,Premium Shopper,41-60,Not Enrolled,Central,1,5.4,Single
T00122,C018,P042,2025-06-25,1,2.4,2.4,Hilltop,Card,06/25/2025,Frozen Vegetables,Frozen,Grocery,Young Singles,26-40,Bronze,East,1,2.4,Single
T00152,C025,P011,2025-07-14,1,3.8,3.8,Downtown,Mobile,2025-07-14,Butter,Dairy,Fresh Food,Budget Shopper,26-40,Not Enrolled,Central,6,21.6,Large
T00314,C017,P003,2025-12-24,1,1.8,1.8,Hilltop,Voucher,2025-12-24,Tomatoes,Produce,Fresh Food,Senior,60+,Bronze,North,3,33.1,Small
T00129,C026,P002,2025-06-18,2,1.2,2.4,Eastpark,Card,18-06-2025,Apples,Produce,Fresh Food,Family,41-60,Silver,North,5,20.4,Large
T00306,C023,P036,2025-12-13,2,7.8,15.6,Riverside,Card,2025-12-13,Olive Oil,Pantry,Grocery,Premium Shopper,41-60,Bronze,Central,4,36.4,Large
T00131,C039,P035,2025-06-15,2,2.1,4.2,Downtown,Card,2025-06-15,Sugar,Pantry,Grocery,Budget Shopper,26-40,Bronze,West,3,19.5,Small
T00236,C031,P044,2025-10-19,5,5.5,27.5,Eastpark,Mobile,2025-10-19,Paper Towels,Household,Non-Food,Student,18-25,Bronze,East,3,52.8,Small
T00080,C020,P034,2025-04-03,1,3.9,3.9,Eastpark,Card,04/03/2025,Cereal,Pantry,Grocery,Budget Shopper,26-40,Not Enrolled,East,6,55.6,Large
T00181,C018,P010,2025-08-05,2,3.2,6.4,Downtown,Card,2025-08-05,Greek Yogurt,Dairy,Fresh Food,Young Singles,26-40,Bronze,East,2,8.6,Small
T00292,C041,P040,2025-12-06,2,5.2,10.4,Hilltop,Card,2025-12-06,Frozen Pizza,Frozen,Grocery,Young Singles,26-40,Silver,North,3,19.6,Small
T00043,C054,P013,2025-03-14,1,1.9,1.9,Westgate,Voucher,2025-03-14,White Bread,Bakery,Fresh Food,Premium Shopper,41-60,Gold,North,3,12.5,Small
T00031,C023,P001,2025-02-07,3,0.59,1.77,Hilltop,Card,02/07/2025,Bananas,Produce,Fresh Food,Premium Shopper,41-60,Bronze,Central,4,35.67,Large
T00133,C038,P023,2025-06-18,1,8.9,8.9,Riverside,Cash,2025-06-18,Coffee Beans,Beverages,Grocery,Student,18-25,Bronze,North,3,20.1,Small
T00226,C006,P031,2025-10-25,4,1.5,6.0,Riverside,Cash,2025-10-25,Pasta,Pantry,Grocery,Premium Shopper,41-60,Bronze,Central,3,16.8,Small
T00056,C045,P027,2025-03-24,1,1.3,1.3,Eastpark,Card,03/24/2025,Chocolate Bar,Snacks,Grocery,Student,18-25,Silver,East,2,3.7,Small
T00215,C051,P044,2025-09-27,1,5.5,5.5,Hilltop,Card,09/27/2025,Paper Towels,Household,Non-Food,Young Singles,26-40,Bronze,West,5,29.5,Large
T00003,C028,P004,2025-01-12,2,1.4,2.8,Westgate,Cash,01/12/2025,Lettuce,Produce,Fresh Food,Budget Shopper,26-40,Not Enrolled,South,4,14.2,Large
T00071,C004,P042,2025-04-20,2,2.4,4.8,Downtown,Card,20-04-2025,Frozen Vegetables,Frozen,Grocery,Young Singles,26-40,Bronze,North,4,22.6,Large
T00113,C034,P021,2025-06-05,1,3.4,3.4,Riverside,Cash,05-06-2025,Orange Juice,Beverages,Grocery,Budget Shopper,26-40,Gold,West,3,19.4,Small
T00270,C058,P039,2025-11-02,1,2.8,2.8,Eastpark,Card,2025-11-02,Jam,Pantry,Grocery,Family,41-60,Not Enrolled,Central,6,65.5,Large
T00048,C056,P035,2025-03-23,2,2.1,4.2,Downtown,Card,2025-03-23,Sugar,Pantry,Grocery,Premium Shopper,41-60,Silver,South,6,35.9,Large
T00052,C038,P048,2025-03-02,2,4.8,9.6,Hilltop,Mobile,2025-03-02,Shampoo,Personal Care,Non-Food,Student,18-25,Bronze,North,2,10.9,Small
T00079,C007,P039,2025-04-11,1,2.8,2.8,Eastpark,Mobile,2025-04-11,Jam,Pantry,Grocery,Family,41-60,Silver,Central,4,22.3,Large
T00101,C060,P006,2025-05-11,1,0.85,0.85,Riverside,Card,11-05-2025,Carrots,Produce,Fresh Food,Student,18-25,Silver,East,5,38.45,Large
T00289,C017,P011,2025-12-10,1,3.8,3.8,Eastpark,Mobile,2025-12-10,Butter,Dairy,Fresh Food,Senior,60+,Bronze,North,1,3.8,Single
T00269,C052,P014,2025-11-14,1,2.4,2.4,Hilltop,Mobile,2025-11-14,Whole Wheat Bread,Bakery,Fresh Food,Young Singles,26-40,Not Enrolled,East,3,15.7,Small
T00134,C016,P041,2025-06-16,1,4.6,4.6,Riverside,Card,06/16/2025,Ice Cream,Frozen,Grocery,Young Singles,26-40,Bronze,Central,5,18.1,Large
T00063,C042,P015,2025-04-28,1,2.8,2.8,Eastpark,Mobile,2025-04-28,Bagels,Bakery,Fresh Food,Student,18-25,Silver,East,3,8.9,Small
T00218,C039,P035,2025-10-16,1,2.1,2.1,Westgate,Card,10/16/2025,Sugar,Pantry,Grocery,Budget Shopper,26-40,Bronze,West,4,26.2,Large
T00180,C044,P038,2025-08-18,1,3.5,3.5,Riverside,Mobile,18-08-2025,Peanut Butter,Pantry,Grocery,Budget Shopper,26-40,Not Enrolled,North,5,32.9,Large
T00265,C019,P033,2025-11-28,3,4.2,12.6,Riverside,Cash,2025-11-28,Rice,Pantry,Grocery,Young Singles,26-40,Silver,North,3,18.55,Small
T00161,C036,P041,2025-07-11,2,4.6,9.2,Westgate,Voucher,2025-07-11,Ice Cream,Frozen,Grocery,Premium Shopper,41-60,Bronze,North,3,17.4,Small
T00028,C026,P020,2025-02-13,1,1.6,1.6,Riverside,Card,2025-02-13,Cola,Beverages,Grocery,Family,41-60,Silver,North,4,18.4,Large
T00224,C008,P011,2025-10-28,1,3.8,3.8,Westgate,Card,2025-10-28,Butter,Dairy,Fresh Food,Budget Shopper,26-40,Not Enrolled,Central,4,12.5,Large
T00038,C010,P019,2025-03-27,2,5.4,10.8,Downtown,Card,03/27/2025,Bacon,Meat,Fresh Food,Family,41-60,Silver,East,4,19.1,Large
T00094,C029,P037,2025-05-26,3,1.1,3.3,Downtown,Card,2025-05-26,Canned Beans,Pantry,Grocery,Premium Shopper,41-60,Silver,East,4,25.5,Large
T00194,C042,P005,2025-09-21,4,0.9,3.6,Downtown,Cash,2025-09-21,Onions,Produce,Fresh Food,Student,18-25,Silver,East,5,27.4,Large
T00305,C045,P023,2025-12-05,1,8.9,8.9,Eastpark,Mobile,2025-12-05,Coffee Beans,Beverages,Grocery,Student,18-25,Silver,East,2,32.3,Small
T00022,C009,P027,2025-02-03,2,1.3,2.6,Riverside,Card,2025-02-03,Chocolate Bar,Snacks,Grocery,Senior,60+,Silver,North,4,12.7,Large
T00011,C045,P028,2025-01-29,1,2.9,2.9,Riverside,Cash,01/29/2025,Cookies,Snacks,Grocery,Student,18-25,Silver,East,4,31.0,Large
T00029,C042,P024,2025-02-17,1,3.6,3.6,Hilltop,Card,2025-02-17,Tea Bags,Beverages,Grocery,Student,18-25,Silver,East,3,16.3,Small
T00247,C046,P046,2025-11-11,3,9.4,28.2,Downtown,Mobile,2025-11-11,Laundry Detergent,Household,Non-Food,Premium Shopper,41-60,Silver,Central,4,40.6,Large
T00205,C025,P007,2025-09-02,3,1.5,4.5,Westgate,Mobile,02-09-2025,Avocado,Produce,Fresh Food,Budget Shopper,26-40,Not Enrolled,Central,5,42.5,Large
T00295,C009,P040,2025-12-05,2,5.2,10.4,Eastpark,Mobile,2025-12-05,Frozen Pizza,Frozen,Grocery,Senior,60+,Silver,North,4,36.4,Large
T00168,C056,P022,2025-08-15,5,1.1,5.5,Downtown,Mobile,2025-08-15,Sparkling Water,Beverages,Grocery,Premium Shopper,41-60,Silver,South,5,53.1,Large
T00053,C033,P019,2025-03-17,2,5.4,10.8,Hilltop,Mobile,2025-03-17,Bacon,Meat,Fresh Food,Premium Shopper,41-60,Not Enrolled,Central,5,26.5,Large
T00074,C050,P016,2025-04-29,3,3.1,9.3,Hilltop,Card,29-04-2025,Croissant,Bakery,Fresh Food,Premium Shopper,41-60,Gold,Central,5,31.5,Large
T00046,C003,P007,2025-03-16,5,1.5,7.5,Riverside,Cash,2025-03-16,Avocado,Produce,Fresh Food,Student,18-25,Silver,Central,5,21.27,Large
T00078,C006,P029,2025-04-23,1,2.0,2.0,Eastpark,Mobile,2025-04-23,Popcorn,Snacks,Grocery,Premium Shopper,41-60,Bronze,Central,4,19.5,Large
T00199,C055,P038,2025-09-19,2,3.5,7.0,Westgate,Card,09/19/2025,Peanut Butter,Pantry,Grocery,Student,18-25,Bronze,North,5,51.0,Large
T00275,C035,P035,2025-11-28,1,2.1,2.1,Westgate,Cash,2025-11-28,Sugar,Pantry,Grocery,Senior,60+,Not Enrolled,South,6,38.0,Large
T00105,C009,P018,2025-05-13,1,7.2,7.2,Hilltop,Cash,2025-05-13,Ground Beef,Meat,Fresh Food,Senior,60+,Silver,North,2,9.3,Small
T00302,C013,P031,2025-12-02,2,1.5,3.0,Westgate,Mobile,2025-12-02,Pasta,Pantry,Grocery,Senior,60+,Silver,Central,4,19.6,Large
T00077,C006,P048,2025-04-28,2,4.8,9.6,Eastpark,Cash,2025-04-28,Shampoo,Personal Care,Non-Food,Premium Shopper,41-60,Bronze,Central,4,21.9,Large
T00258,C038,P019,2025-11-24,3,5.4,16.2,Downtown,Mobile,2025-11-24,Bacon,Meat,Fresh Food,Student,18-25,Bronze,North,6,49.3,Large
T00251,C017,P021,2025-11-28,2,3.4,6.8,Downtown,Card,11/28/2025,Orange Juice,Beverages,Grocery,Senior,60+,Bronze,North,2,13.2,Small
T00032,C019,P008,2025-02-03,1,2.1,2.1,Riverside,Card,2025-02-03,Whole Milk,Dairy,Fresh Food,Young Singles,26-40,Silver,North,4,30.9,Large
T00271,C033,P002,2025-11-22,2,1.2,2.4,Hilltop,Card,2025-11-22,Apples,Produce,Fresh Food,Premium Shopper,41-60,Not Enrolled,Central,6,20.6,Large
T00068,C018,P037,2025-04-06,3,1.1,3.3,Hilltop,Voucher,2025-04-06,Canned Beans,Pantry,Grocery,Young Singles,26-40,Bronze,East,2,9.7,Small
T00028,C026,P045,2025-02-13,3,2.9,8.7,Riverside,Card,2025-02-13,Dish Soap,Household,Non-Food,Family,41-60,Silver,North,4,18.4,Large
T00315,C021,P036,2025-12-28,2,7.8,15.6,Downtown,Mobile,28-12-2025,Olive Oil,Pantry,Grocery,Family,41-60,Bronze,South,5,43.9,Large
T00120,C055,P011,2025-06-05,1,3.8,3.8,Eastpark,Cash,2025-06-05,Butter,Dairy,Fresh Food,Student,18-25,Bronze,North,2,12.0,Small
T00053,C033,P031,2025-03-17,3,1.5,4.5,Hilltop,Mobile,2025-03-17,Pasta,Pantry,Grocery,Premium Shopper,41-60,Not Enrolled,Central,5,26.5,Large
T00262,C043,P024,2025-11-20,2,3.6,7.2,Hilltop,Mobile,2025-11-20,Tea Bags,Beverages,Grocery,Student,18-25,Bronze,East,3,14.3,Small
T00179,C004,P034,2025-08-21,1,3.9,3.9,Riverside,Cash,2025-08-21,Cereal,Pantry,Grocery,Young Singles,26-40,Bronze,North,3,9.4,Small
T00128,C047,P006,2025-06-21,1,0.85,0.85,Westgate,Card,06/21/2025,Carrots,Produce,Fresh Food,Young Singles,26-40,Silver,East,3,8.45,Small
T00091,C031,P004,2025-05-18,1,1.4,1.4,Hilltop,Card,2025-05-18,Lettuce,Produce,Fresh Food,Student,18-25,Bronze,East,2,5.8,Small
T00201,C022,P021,2025-09-01,3,3.4,10.2,Eastpark,Card,2025-09-01,Orange Juice,Beverages,Grocery,Student,18-25,Not Enrolled,North,4,21.6,Large
T00183,C017,P050,2025-08-24,1,2.2,2.2,Riverside,Card,08/24/2025,Hand Soap,Personal Care,Non-Food,Senior,60+,Bronze,North,5,19.8,Large
T00007,C005,P035,2025-01-06,4,2.1,8.4,Eastpark,Card,01/06/2025,Sugar,Pantry,Grocery,Young Singles,26-40,Not Enrolled,South,4,38.8,Large
T00254,C008,P034,2025-11-26,1,3.9,3.9,Westgate,Card,11/26/2025,Cereal,Pantry,Grocery,Budget Shopper,26-40,Not Enrolled,Central,1,3.9,Single
T00169,C018,P041,2025-08-19,3,4.6,13.8,Eastpark,Voucher,2025-08-19,Ice Cream,Frozen,Grocery,Young Singles,26-40,Bronze,East,1,13.8,Single
T00246,C039,P048,2025-11-14,2,4.8,9.6,Eastpark,Card,11/14/2025,Shampoo,Personal Care,Non-Food,Budget Shopper,26-40,Bronze,West,5,44.0,Large
T00296,C041,P020,2025-12-17,1,1.6,1.6,Eastpark,Card,2025-12-17,Cola,Beverages,Grocery,Young Singles,26-40,Silver,North,3,14.5,Small
T00056,C045,P042,2025-03-24,1,2.4,2.4,Eastpark,Card,03/24/2025,Frozen Vegetables,Frozen,Grocery,Student,18-25,Silver,East,2,3.7,Small
T00127,C020,P028,2025-06-26,1,2.9,2.9,Downtown,Card,06/26/2025,Cookies,Snacks,Grocery,Budget Shopper,26-40,Not Enrolled,East,4,38.9,Large
T00167,C053,P028,2025-08-18,1,2.9,2.9,Hilltop,Cash,08/18/2025,Cookies,Snacks,Grocery,Senior,60+,Not Enrolled,South,4,23.2,Large
T00308,C055,P043,2025-12-20,2,3.0,6.0,Hilltop,Mobile,2025-12-20,Frozen Fries,Frozen,Grocery,Student,18-25,Bronze,North,4,16.5,Large
T00219,C018,P044,2025-10-07,3,5.5,16.5,Westgate,Cash,10/07/2025,Paper Towels,Household,Non-Food,Young Singles,26-40,Bronze,East,6,31.47,Large
T00055,C041,P020,2025-03-03,5,1.6,8.0,Westgate,Voucher,2025-03-03,Cola,Beverages,Grocery,Young Singles,26-40,Silver,North,3,14.3,Small
T00158,C040,P049,2025-07-21,1,2.7,2.7,Downtown,Cash,2025-07-21,Toothpaste,Personal Care,Non-Food,Premium Shopper,41-60,Not Enrolled,Central,4,15.7,Large
T00088,C016,P024,2025-05-12,5,3.6,18.0,Eastpark,Card,2025-05-12,Tea Bags,Beverages,Grocery,Young Singles,26-40,Bronze,Central,2,22.2,Small
T00116,C014,P018,2025-06-16,2,7.2,14.4,Riverside,Mobile,2025-06-16,Ground Beef,Meat,Fresh Food,Senior,60+,Silver,West,3,21.9,Small
T00216,C024,P026,2025-09-28,1,2.5,2.5,Downtown,Cash,2025-09-28,Potato Chips,Snacks,Grocery,Student,18-25,Not Enrolled,West,3,19.9,Small
T00189,C058,P038,2025-08-08,1,3.5,3.5,Eastpark,Card,08/08/2025,Peanut Butter,Pantry,Grocery,Family,41-60,Not Enrolled,Central,4,11.95,Large
T00047,C055,P049,2025-03-22,2,2.7,5.4,Eastpark,Card,2025-03-22,Toothpaste,Personal Care,Non-Food,Student,18-25,Bronze,North,4,21.9,Large
T00224,C008,P013,2025-10-28,1,1.9,1.9,Westgate,Card,2025-10-28,White Bread,Bakery,Fresh Food,Budget Shopper,26-40,Not Enrolled,Central,4,12.5,Large
T00279,C048,P020,2025-12-01,1,1.6,1.6,Downtown,Voucher,2025-12-01,Cola,Beverages,Grocery,Student,18-25,Bronze,South,4,31.3,Large
T00241,C024,P020,2025-10-11,2,1.6,3.2,Downtown,Mobile,10/11/2025,Cola,Beverages,Grocery,Student,18-25,Not Enrolled,West,3,18.0,Small
T00261,C005,P035,2025-11-22,2,2.1,4.2,Hilltop,Card,11/22/2025,Sugar,Pantry,Grocery,Young Singles,26-40,Not Enrolled,South,3,23.1,Small
T00258,C038,P007,2025-11-24,4,1.5,6.0,Downtown,Mobile,2025-11-24,Avocado,Produce,Fresh Food,Student,18-25,Bronze,North,6,49.3,Large
T00221,C056,P020,2025-10-11,4,1.6,6.4,Hilltop,Card,10/11/2025,Cola,Beverages,Grocery,Premium Shopper,41-60,Silver,South,5,21.9,Large
T00008,C009,P005,2025-01-13,5,0.9,4.5,Hilltop,Cash,13-01-2025,Onions,Produce,Fresh Food,Senior,60+,Silver,North,6,29.18,Large
T00127,C020,P039,2025-06-26,4,2.8,11.2,Downtown,Card,06/26/2025,Jam,Pantry,Grocery,Budget Shopper,26-40,Not Enrolled,East,4,38.9,Large
T00159,C030,P020,2025-07-13,1,1.6,1.6,Eastpark,Mobile,2025-07-13,Cola,Beverages,Grocery,Family,41-60,Bronze,West,6,16.75,Large
T00115,C045,P047,2025-06-07,1,4.1,4.1,Westgate,Card,2025-06-07,Trash Bags,Household,Non-Food,Student,18-25,Silver,East,6,70.2,Large
T00061,C056,P031,2025-04-30,1,1.5,1.5,Eastpark,Card,2025-04-30,Pasta,Pantry,Grocery,Premium Shopper,41-60,Silver,South,1,1.5,Single
T00299,C012,P018,2025-12-03,1,7.2,7.2,Riverside,Card,2025-12-03,Ground Beef,Meat,Fresh Food,Young Singles,26-40,Not Enrolled,North,4,34.9,Large
T00228,C057,P026,2025-10-14,1,2.5,2.5,Riverside,Card,14-10-2025,Potato Chips,Snacks,Grocery,Student,18-25,Bronze,Central,4,15.5,Large
T00198,C002,P004,2025-09-06,3,1.4,4.2,Hilltop,Cash,2025-09-06,Lettuce,Produce,Fresh Food,Family,41-60,Not Enrolled,North,5,25.4,Large
T00036,C020,P007,2025-02-15,1,1.5,1.5,Eastpark,Voucher,2025-02-15,Avocado,Produce,Fresh Food,Budget Shopper,26-40,Not Enrolled,East,4,19.7,Large
T00039,C021,P037,2025-03-24,5,1.1,5.5,Eastpark,Card,2025-03-24,Canned Beans,Pantry,Grocery,Family,41-60,Bronze,South,6,40.7,Large
T00268,C056,P011,2025-11-27,1,3.8,3.8,Hilltop,Cash,2025-11-27,Butter,Dairy,Fresh Food,Premium Shopper,41-60,Silver,South,4,27.4,Large
T00074,C050,P017,2025-04-29,1,6.5,6.5,Hilltop,Card,29-04-2025,Chicken Breast,Meat,Fresh Food,Premium Shopper,41-60,Gold,Central,5,31.5,Large
T00104,C004,P039,2025-05-23,1,2.8,2.8,Riverside,Card,2025-05-23,Jam,Pantry,Grocery,Young Singles,26-40,Bronze,North,2,12.4,Small
T00287,C012,P022,2025-12-09,1,1.1,1.1,Eastpark,Card,2025-12-09,Sparkling Water,Beverages,Grocery,Young Singles,26-40,Not Enrolled,North,6,21.3,Large
T00073,C041,P011,2025-04-23,3,3.8,11.4,Westgate,Card,2025-04-23,Butter,Dairy,Fresh Food,Young Singles,26-40,Silver,North,6,28.9,Large
T00184,C011,P008,2025-08-19,1,2.1,2.1,Hilltop,Card,08/19/2025,Whole Milk,Dairy,Fresh Food,Senior,60+,Not Enrolled,East,5,20.96,Large
T00004,C029,P001,2025-01-03,1,0.59,0.59,Eastpark,Card,2025-01-03,Bananas,Produce,Fresh Food,Premium Shopper,41-60,Silver,East,3,10.39,Small
T00123,C008,P046,2025-06-22,3,9.4,28.2,Westgate,Card,2025-06-22,Laundry Detergent,Household,Non-Food,Budget Shopper,26-40,Not Enrolled,Central,3,37.2,Small
T00008,C009,P040,2025-01-13,1,5.2,5.2,Hilltop,Cash,13-01-2025,Frozen Pizza,Frozen,Grocery,Senior,60+,Silver,North,6,29.18,Large
T00024,C030,P038,2025-02-27,1,3.5,3.5,Riverside,Voucher,2025-02-27,Peanut Butter,Pantry,Grocery,Family,41-60,Bronze,West,5,10.75,Large
T00309,C003,P011,2025-12-03,2,3.8,7.6,Riverside,Card,2025-12-03,Butter,Dairy,Fresh Food,Student,18-25,Silver,Central,3,17.9,Small
T00294,C031,P007,2025-12-29,1,1.5,1.5,Eastpark,Card,12/29/2025,Avocado,Produce,Fresh Food,Student,18-25,Bronze,East,3,21.85,Small
T00168,C056,P011,2025-08-15,3,3.8,11.4,Downtown,Mobile,2025-08-15,Butter,Dairy,Fresh Food,Premium Shopper,41-60,Silver,South,5,53.1,Large
T00118,C042,P047,2025-06-10,3,4.1,12.3,Downtown,Mobile,2025-06-10,Trash Bags,Household,Non-Food,Student,18-25,Silver,East,3,35.1,Small
T00006,C048,P031,2025-01-19,5,1.5,7.5,Eastpark,Card,2025-01-19,Pasta,Pantry,Grocery,Student,18-25,Bronze,South,2,15.6,Small
T00024,C030,P042,2025-02-27,1,2.4,2.4,Riverside,Voucher,2025-02-27,Frozen Vegetables,Frozen,Grocery,Family,41-60,Bronze,West,5,10.75,Large
T00239,C004,P016,2025-10-09,1,3.1,3.1,Eastpark,Card,2025-10-09,Croissant,Bakery,Fresh Food,Young Singles,26-40,Bronze,North,3,6.25,Small
T00258,C038,P049,2025-11-24,3,2.7,8.1,Downtown,Mobile,2025-11-24,Toothpaste,Personal Care,Non-Food,Student,18-25,Bronze,North,6,49.3,Large
T00049,C030,P019,2025-03-09,2,5.4,10.8,Hilltop,Mobile,03/09/2025,Bacon,Meat,Fresh Food,Family,41-60,Bronze,West,3,18.4,Small
T00059,C015,P035,2025-04-28,1,2.1,2.1,Hilltop,Mobile,04/28/2025,Sugar,Pantry,Grocery,Premium Shopper,41-60,Not Enrolled,West,4,21.5,Large
T00308,C055,P040,2025-12-20,1,5.2,5.2,Hilltop,Mobile,2025-12-20,Frozen Pizza,Frozen,Grocery,Student,18-25,Bronze,North,4,16.5,Large
T00201,C022,P010,2025-09-01,2,3.2,6.4,Eastpark,Card,2025-09-01,Greek Yogurt,Dairy,Fresh Food,Student,18-25,Not Enrolled,North,4,21.6,Large
T00077,C006,P029,2025-04-28,2,2.0,4.0,Eastpark,Cash,2025-04-28,Popcorn,Snacks,Grocery,Premium Shopper,41-60,Bronze,Central,4,21.9,Large
T00183,C017,P008,2025-08-24,1,2.1,2.1,Riverside,Card,08/24/2025,Whole Milk,Dairy,Fresh Food,Senior,60+,Bronze,North,5,19.8,Large
T00070,C006,P018,2025-04-22,1,7.2,7.2,Hilltop,Card,2025-04-22,Ground Beef,Meat,Fresh Food,Premium Shopper,41-60,Bronze,Central,4,17.3,Large
T00207,C014,P004,2025-09-11,2,1.4,2.8,Riverside,Card,2025-09-11,Lettuce,Produce,Fresh Food,Senior,60+,Silver,West,6,25.4,Large
T00079,C007,P022,2025-04-11,1,1.1,1.1,Eastpark,Mobile,2025-04-11,Sparkling Water,Beverages,Grocery,Family,41-60,Silver,Central,4,22.3,Large
T00218,C039,P023,2025-10-16,1,8.9,8.9,Westgate,Card,10/16/2025,Coffee Beans,Beverages,Grocery,Budget Shopper,26-40,Bronze,West,4,26.2,Large
T00115,C045,P008,2025-06-07,2,2.1,4.2,Westgate,Card,2025-06-07,Whole Milk,Dairy,Fresh Food,Student,18-25,Silver,East,6,70.2,Large
T00203,C037,P012,2025-09-23,4,2.6,10.4,Westgate,Mobile,09/23/2025,Eggs,Dairy,Fresh Food,Young Singles,26-40,Not Enrolled,South,3,25.0,Small
T00296,C041,P035,2025-12-17,1,2.1,2.1,Eastpark,Card,2025-12-17,Sugar,Pantry,Grocery,Young Singles,26-40,Silver,North,3,14.5,Small
T00137,C033,P021,2025-07-12,3,3.4,10.2,Westgate,Cash,07/12/2025,Orange Juice,Beverages,Grocery,Premium Shopper,41-60,Not Enrolled,Central,4,23.7,Large
T00070,C006,P014,2025-04-22,2,2.4,4.8,Hilltop,Card,2025-04-22,Whole Wheat Bread,Bakery,Fresh Food,Premium Shopper,41-60,Bronze,Central,4,17.3,Large
T00035,C053,P004,2025-02-04,3,1.4,4.2,Downtown,Card,2025-02-04,Lettuce,Produce,Fresh Food,Senior,60+,Not Enrolled,South,4,14.4,Large
T00266,C012,P015,2025-11-06,1,2.8,2.8,Eastpark,Voucher,2025-11-06,Bagels,Bakery,Fresh Food,Young Singles,26-40,Not Enrolled,North,6,43.9,Large
T00078,C006,P008,2025-04-23,1,2.1,2.1,Eastpark,Mobile,2025-04-23,Whole Milk,Dairy,Fresh Food,Premium Shopper,41-60,Bronze,Central,4,19.5,Large
T00111,C058,P050,2025-06-26,2,2.2,4.4,Downtown,Cash,2025-06-26,Hand Soap,Personal Care,Non-Food,Family,41-60,Not Enrolled,Central,4,28.6,Large
T00159,C030,P006,2025-07-13,1,0.85,0.85,Eastpark,Mobile,2025-07-13,Carrots,Produce,Fresh Food,Family,41-60,Bronze,West,6,16.75,Large
T00216,C024,P020,2025-09-28,3,1.6,4.8,Downtown,Cash,2025-09-28,Cola,Beverages,Grocery,Student,18-25,Not Enrolled,West,3,19.9,Small
T00039,C021,P003,2025-03-24,1,1.8,1.8,Eastpark,Card,2025-03-24,Tomatoes,Produce,Fresh Food,Family,41-60,Bronze,South,6,40.7,Large
T00304,C016,P024,2025-12-26,1,3.6,3.6,Downtown,Voucher,2025-12-26,Tea Bags,Beverages,Grocery,Young Singles,26-40,Bronze,Central,4,26.9,Large
T00244,C038,P001,2025-11-22,2,0.59,1.18,Downtown,Mobile,2025-11-22,Bananas,Produce,Fresh Food,Student,18-25,Bronze,North,4,37.78,Large
T00277,C060,P039,2025-12-13,2,2.8,5.6,Westgate,Cash,2025-12-13,Jam,Pantry,Grocery,Student,18-25,Silver,East,5,33.2,Large
T00182,C042,P022,2025-08-22,1,1.1,1.1,Downtown,Card,2025-08-22,Sparkling Water,Beverages,Grocery,Student,18-25,Silver,East,6,21.6,Large
T00314,C017,P019,2025-12-24,2,5.4,10.8,Hilltop,Voucher,2025-12-24,Bacon,Meat,Fresh Food,Senior,60+,Bronze,North,3,33.1,Small
T00202,C038,P042,2025-09-13,2,2.4,4.8,Downtown,Card,2025-09-13,Frozen Vegetables,Frozen,Grocery,Student,18-25,Bronze,North,6,37.8,Large
T00051,C037,P019,2025-03-01,1,5.4,5.4,Downtown,Voucher,03/01/2025,Bacon,Meat,Fresh Food,Young Singles,26-40,Not Enrolled,South,5,34.5,Large
T00072,C026,P021,2025-04-03,2,3.4,6.8,Downtown,Card,2025-04-03,Orange Juice,Beverages,Grocery,Family,41-60,Silver,North,1,6.8,Single
T00290,C054,P024,2025-12-16,3,3.6,10.8,Downtown,Card,2025-12-16,Tea Bags,Beverages,Grocery,Premium Shopper,41-60,Gold,North,3,20.7,Small
T00199,C055,P048,2025-09-19,5,4.8,24.0,Westgate,Card,09/19/2025,Shampoo,Personal Care,Non-Food,Student,18-25,Bronze,North,5,51.0,Large
T00006,C048,P032,2025-01-19,3,2.7,8.1,Eastpark,Card,2025-01-19,Pasta Sauce,Pantry,Grocery,Student,18-25,Bronze,South,2,15.6,Small
T00159,C030,P031,2025-07-13,2,1.5,3.0,Eastpark,Mobile,2025-07-13,Pasta,Pantry,Grocery,Family,41-60,Bronze,West,6,16.75,Large
T00097,C052,P019,2025-05-03,2,5.4,10.8,Hilltop,Mobile,05/03/2025,Bacon,Meat,Fresh Food,Young Singles,26-40,Not Enrolled,East,3,21.6,Small
T00152,C025,P025,2025-07-14,2,2.2,4.4,Downtown,Mobile,2025-07-14,Energy Drink,Beverages,Grocery,Budget Shopper,26-40,Not Enrolled,Central,6,21.6,Large
T00183,C017,P041,2025-08-24,2,4.6,9.2,Riverside,Card,08/24/2025,Ice Cream,Frozen,Grocery,Senior,60+,Bronze,North,5,19.8,Large
T00227,C044,P023,2025-10-01,4,8.9,35.6,Downtown,Cash,2025-10-01,Coffee Beans,Beverages,Grocery,Budget Shopper,26-40,Not Enrolled,North,4,45.0,Large
T00265,C019,P043,2025-11-28,1,3.0,3.0,Riverside,Cash,2025-11-28,Frozen Fries,Frozen,Grocery,Young Singles,26-40,Silver,North,3,18.55,Small
T00282,C019,P031,2025-12-08,1,1.5,1.5,Downtown,Card,12/08/2025,Pasta,Pantry,Grocery,Young Singles,26-40,Silver,North,4,38.0,Large
T00074,C050,P042,2025-04-29,2,2.4,4.8,Hilltop,Card,29-04-2025,Frozen Vegetables,Frozen,Grocery,Premium Shopper,41-60,Gold,Central,5,31.5,Large
T00121,C019,P041,2025-06-26,1,4.6,4.6,Eastpark,Mobile,2025-06-26,Ice Cream,Frozen,Grocery,Young Singles,26-40,Silver,North,4,14.7,Large
T00301,C058,P050,2025-12-07,1,2.2,2.2,Hilltop,Mobile,12/07/2025,Hand Soap,Personal Care,Non-Food,Family,41-60,Not Enrolled,Central,2,11.6,Small
T00184,C011,P015,2025-08-19,1,2.8,2.8,Hilltop,Card,08/19/2025,Bagels,Bakery,Fresh Food,Senior,60+,Not Enrolled,East,5,20.96,Large
T00095,C018,P034,2025-05-21,2,3.9,7.8,Riverside,Voucher,2025-05-21,Cereal,Pantry,Grocery,Young Singles,26-40,Bronze,East,2,9.9,Small
T00163,C026,P044,2025-07-20,2,5.5,11.0,Eastpark,Card,2025-07-20,Paper Towels,Household,Non-Food,Family,41-60,Silver,North,3,18.0,Small
T00157,C026,P041,2025-07-19,1,4.6,4.6,Eastpark,Cash,19-07-2025,Ice Cream,Frozen,Grocery,Family,41-60,Silver,North,4,14.0,Large
T00232,C008,P033,2025-10-30,1,4.2,4.2,Eastpark,Mobile,2025-10-30,Rice,Pantry,Grocery,Budget Shopper,26-40,Not Enrolled,Central,1,4.2,Single
T00240,C042,P006,2025-10-24,4,0.85,3.4,Downtown,Card,2025-10-24,Carrots,Produce,Fresh Food,Student,18-25,Silver,East,3,18.58,Small
T00065,C036,P023,2025-04-05,1,8.9,8.9,Downtown,Cash,2025-04-05,Coffee Beans,Beverages,Grocery,Premium Shopper,41-60,Bronze,North,3,22.5,Small
T00311,C005,P011,2025-12-10,3,3.8,11.4,Riverside,Voucher,2025-12-10,Butter,Dairy,Fresh Food,Young Singles,26-40,Not Enrolled,South,4,23.8,Large
T00097,C052,P011,2025-05-03,2,3.8,7.6,Hilltop,Mobile,05/03/2025,Butter,Dairy,Fresh Food,Young Singles,26-40,Not Enrolled,East,3,21.6,Small
T00153,C030,P041,2025-07-07,1,4.6,4.6,Downtown,Card,2025-07-07,Ice Cream,Frozen,Grocery,Family,41-60,Bronze,West,3,19.8,Small
T00066,C037,P007,2025-04-04,2,1.5,3.0,Eastpark,Card,2025-04-04,Avocado,Produce,Fresh Food,Young Singles,26-40,Not Enrolled,South,2,11.9,Small
T00265,C019,P001,2025-11-28,5,0.59,2.95,Riverside,Cash,2025-11-28,Bananas,Produce,Fresh Food,Young Singles,26-40,Silver,North,3,18.55,Small
T00222,C053,P023,2025-10-19,1,8.9,8.9,Riverside,Card,10/19/2025,Coffee Beans,Beverages,Grocery,Senior,60+,Not Enrolled,South,5,39.5,Large
T00211,C029,P039,2025-09-25,5,2.8,14.0,Riverside,Voucher,2025-09-25,Jam,Pantry,Grocery,Premium Shopper,41-60,Silver,East,3,38.7,Small
T00247,C046,P044,2025-11-11,1,5.5,5.5,Downtown,Mobile,2025-11-11,Paper Towels,Household,Non-Food,Premium Shopper,41-60,Silver,Central,4,40.6,Large
T00067,C036,P043,2025-04-28,3,3.0,9.0,Eastpark,Cash,2025-04-28,Frozen Fries,Frozen,Grocery,Premium Shopper,41-60,Bronze,North,1,9.0,Single
T00234,C021,P043,2025-10-22,4,3.0,12.0,Westgate,Mobile,2025-10-22,Frozen Fries,Frozen,Grocery,Family,41-60,Bronze,South,4,23.39,Large
T00219,C018,P001,2025-10-07,3,0.59,1.77,Westgate,Cash,10/07/2025,Bananas,Produce,Fresh Food,Young Singles,26-40,Bronze,East,6,31.47,Large
T00020,C045,P008,2025-02-26,4,2.1,8.4,Eastpark,Cash,2025-02-26,Whole Milk,Dairy,Fresh Food,Student,18-25,Silver,East,5,44.1,Large
T00279,C048,P036,2025-12-01,2,7.8,15.6,Downtown,Voucher,2025-12-01,Olive Oil,Pantry,Grocery,Student,18-25,Bronze,South,4,31.3,Large
T00209,C017,P045,2025-09-15,3,2.9,8.7,Riverside,Mobile,2025-09-15,Dish Soap,Household,Non-Food,Senior,60+,Bronze,North,2,11.7,Small
T00062,C059,P040,2025-04-23,1,5.2,5.2,Westgate,Card,2025-04-23,Frozen Pizza,Frozen,Grocery,Budget Shopper,26-40,Gold,Central,4,43.9,Large
T00098,C051,P024,2025-05-07,4,3.6,14.4,Riverside,Card,2025-05-07,Tea Bags,Beverages,Grocery,Young Singles,26-40,Bronze,West,3,26.0,Small
T00248,C004,P023,2025-11-22,3,8.9,26.7,Riverside,Card,11/22/2025,Coffee Beans,Beverages,Grocery,Young Singles,26-40,Bronze,North,7,79.8,Large
T00020,C045,P043,2025-02-26,4,3.0,12.0,Eastpark,Cash,2025-02-26,Frozen Fries,Frozen,Grocery,Student,18-25,Silver,East,5,44.1,Large
T00003,C028,P042,2025-01-12,1,2.4,2.4,Westgate,Cash,01/12/2025,Frozen Vegetables,Frozen,Grocery,Budget Shopper,26-40,Not Enrolled,South,4,14.2,Large
T00207,C014,P017,2025-09-11,1,6.5,6.5,Riverside,Card,2025-09-11,Chicken Breast,Meat,Fresh Food,Senior,60+,Silver,West,6,25.4,Large
T00315,C021,P010,2025-12-28,1,3.2,3.2,Downtown,Mobile,28-12-2025,Greek Yogurt,Dairy,Fresh Food,Family,41-60,Bronze,South,5,43.9,Large
T00248,C004,P042,2025-11-22,3,2.4,7.2,Riverside,Card,11/22/2025,Frozen Vegetables,Frozen,Grocery,Young Singles,26-40,Bronze,North,7,79.8,Large
T00019,C057,P016,2025-02-14,3,3.1,9.3,Eastpark,Card,2025-02-14,Croissant,Bakery,Fresh Food,Student,18-25,Bronze,Central,3,23.7,Small
T00018,C053,P002,2025-01-03,1,1.2,1.2,Riverside,Mobile,2025-01-03,Apples,Produce,Fresh Food,Senior,60+,Not Enrolled,South,2,6.6,Small
T00202,C038,P028,2025-09-13,1,2.9,2.9,Downtown,Card,2025-09-13,Cookies,Snacks,Grocery,Student,18-25,Bronze,North,6,37.8,Large
T00174,C060,P013,2025-08-04,1,1.9,1.9,Riverside,Card,2025-08-04,White Bread,Bakery,Fresh Food,Student,18-25,Silver,East,6,26.8,Large
T00022,C009,P035,2025-02-03,3,2.1,6.3,Riverside,Card,2025-02-03,Sugar,Pantry,Grocery,Senior,60+,Silver,North,4,12.7,Large
T00199,C055,P016,2025-09-19,2,3.1,6.2,Westgate,Card,09/19/2025,Croissant,Bakery,Fresh Food,Student,18-25,Bronze,North,5,51.0,Large
T00180,C044,P017,2025-08-18,2,6.5,13.0,Riverside,Mobile,18-08-2025,Chicken Breast,Meat,Fresh Food,Budget Shopper,26-40,Not Enrolled,North,5,32.9,Large
T00134,C016,P020,2025-06-16,1,1.6,1.6,Riverside,Card,06/16/2025,Cola,Beverages,Grocery,Young Singles,26-40,Bronze,Central,5,18.1,Large
T00028,C026,P050,2025-02-13,3,2.2,6.6,Riverside,Card,2025-02-13,Hand Soap,Personal Care,Non-Food,Family,41-60,Silver,North,4,18.4,Large
T00213,C037,P007,2025-09-05,3,1.5,4.5,Eastpark,Cash,05-09-2025,Avocado,Produce,Fresh Food,Young Singles,26-40,Not Enrolled,South,2,7.8,Small
T00191,C008,P006,2025-08-14,3,0.85,2.55,Eastpark,Card,08/14/2025,Carrots,Produce,Fresh Food,Budget Shopper,26-40,Not Enrolled,Central,3,11.35,Small
T00244,C038,P009,2025-11-22,2,4.5,9.0,Downtown,Mobile,2025-11-22,Cheddar Cheese,Dairy,Fresh Food,Student,18-25,Bronze,North,4,37.78,Large
T00290,C054,P035,2025-12-16,1,2.1,2.1,Downtown,Card,2025-12-16,Sugar,Pantry,Grocery,Premium Shopper,41-60,Gold,North,3,20.7,Small
T00278,C003,P018,2025-12-22,1,7.2,7.2,Hilltop,Card,2025-12-22,Ground Beef,Meat,Fresh Food,Student,18-25,Silver,Central,2,9.4,Small
T00256,C056,P040,2025-11-07,3,5.2,15.6,Westgate,Mobile,2025-11-07,Frozen Pizza,Frozen,Grocery,Premium Shopper,41-60,Silver,South,5,41.7,Large
T00118,C042,P035,2025-06-10,4,2.1,8.4,Downtown,Mobile,2025-06-10,Sugar,Pantry,Grocery,Student,18-25,Silver,East,3,35.1,Small
T00109,C026,P039,2025-06-04,1,2.8,2.8,Hilltop,Mobile,2025-06-04,Jam,Pantry,Grocery,Family,41-60,Silver,North,6,42.0,Large
T00133,C038,P043,2025-06-18,3,3.0,9.0,Riverside,Cash,2025-06-18,Frozen Fries,Frozen,Grocery,Student,18-25,Bronze,North,3,20.1,Small
T00053,C033,P022,2025-03-17,2,1.1,2.2,Hilltop,Mobile,2025-03-17,Sparkling Water,Beverages,Grocery,Premium Shopper,41-60,Not Enrolled,Central,5,26.5,Large
T00137,C033,P049,2025-07-12,1,2.7,2.7,Westgate,Cash,07/12/2025,Toothpaste,Personal Care,Non-Food,Premium Shopper,41-60,Not Enrolled,Central,4,23.7,Large
T00119,C054,P025,2025-06-02,2,2.2,4.4,Westgate,Mobile,2025-06-02,Energy Drink,Beverages,Grocery,Premium Shopper,41-60,Gold,North,4,12.7,Large
T00286,C023,P045,2025-12-17,1,2.9,2.9,Westgate,Mobile,12/17/2025,Dish Soap,Household,Non-Food,Premium Shopper,41-60,Bronze,Central,3,12.8,Small
T00055,C041,P009,2025-03-03,1,4.5,4.5,Westgate,Voucher,2025-03-03,Cheddar Cheese,Dairy,Fresh Food,Young Singles,26-40,Silver,North,3,14.3,Small
T00156,C055,P017,2025-07-27,1,6.5,6.5,Westgate,Mobile,2025-07-27,Chicken Breast,Meat,Fresh Food,Student,18-25,Bronze,North,2,15.9,Small
T00157,C026,P035,2025-07-19,2,2.1,4.2,Eastpark,Cash,19-07-2025,Sugar,Pantry,Grocery,Family,41-60,Silver,North,4,14.0,Large
T00311,C005,P025,2025-12-10,2,2.2,4.4,Riverside,Voucher,2025-12-10,Energy Drink,Beverages,Grocery,Young Singles,26-40,Not Enrolled,South,4,23.8,Large
T00138,C027,P041,2025-07-24,2,4.6,9.2,Hilltop,Card,2025-07-24,Ice Cream,Frozen,Grocery,Family,41-60,Silver,East,3,17.7,Small
T00174,C060,P022,2025-08-04,1,1.1,1.1,Riverside,Card,2025-08-04,Sparkling Water,Beverages,Grocery,Student,18-25,Silver,East,6,26.8,Large
T00249,C025,P004,2025-11-30,2,1.4,2.8,Westgate,Card,11/30/2025,Lettuce,Produce,Fresh Food,Budget Shopper,26-40,Not Enrolled,Central,4,32.77,Large
T00241,C024,P050,2025-10-11,2,2.2,4.4,Downtown,Mobile,10/11/2025,Hand Soap,Personal Care,Non-Food,Student,18-25,Not Enrolled,West,3,18.0,Small
T00165,C011,P032,2025-08-18,2,2.7,5.4,Westgate,Card,2025-08-18,Pasta Sauce,Pantry,Grocery,Senior,60+,Not Enrolled,East,5,34.5,Large
T00083,C052,P050,2025-05-10,2,2.2,4.4,Westgate,Mobile,2025-05-10,Hand Soap,Personal Care,Non-Food,Young Singles,26-40,Not Enrolled,East,4,14.4,Large
T00108,C035,P035,2025-06-10,2,2.1,4.2,Downtown,Mobile,2025-06-10,Sugar,Pantry,Grocery,Senior,60+,Not Enrolled,South,5,25.1,Large
T00129,C026,P030,2025-06-18,1,2.3,2.3,Eastpark,Card,18-06-2025,Pretzels,Snacks,Grocery,Family,41-60,Silver,North,5,20.4,Large
T00008,C009,P001,2025-01-13,2,0.59,1.18,Hilltop,Cash,13-01-2025,Bananas,Produce,Fresh Food,Senior,60+,Silver,North,6,29.18,Large
T00241,C024,P040,2025-10-11,2,5.2,10.4,Downtown,Mobile,10/11/2025,Frozen Pizza,Frozen,Grocery,Student,18-25,Not Enrolled,West,3,18.0,Small
T00136,C045,P050,2025-07-08,1,2.2,2.2,Eastpark,Mobile,2025-07-08,Hand Soap,Personal Care,Non-Food,Student,18-25,Silver,East,2,9.0,Small
T00041,C026,P004,2025-03-25,1,1.4,1.4,Eastpark,Mobile,2025-03-25,Lettuce,Produce,Fresh Food,Family,41-60,Silver,North,5,17.7,Large
T00153,C030,P040,2025-07-07,2,5.2,10.4,Downtown,Card,2025-07-07,Frozen Pizza,Frozen,Grocery,Family,41-60,Bronze,West,3,19.8,Small
T00275,C035,P027,2025-11-28,1,1.3,1.3,Westgate,Cash,2025-11-28,Chocolate Bar,Snacks,Grocery,Senior,60+,Not Enrolled,South,6,38.0,Large
T00076,C033,P019,2025-04-12,1,5.4,5.4,Downtown,Card,2025-04-12,Bacon,Meat,Fresh Food,Premium Shopper,41-60,Not Enrolled,Central,1,5.4,Single
T00091,C031,P050,2025-05-18,2,2.2,4.4,Hilltop,Card,2025-05-18,Hand Soap,Personal Care,Non-Food,Student,18-25,Bronze,East,2,5.8,Small
T00182,C042,P028,2025-08-22,3,2.9,8.7,Downtown,Card,2025-08-22,Cookies,Snacks,Grocery,Student,18-25,Silver,East,6,21.6,Large
T00275,C035,P012,2025-11-28,1,2.6,2.6,Westgate,Cash,2025-11-28,Eggs,Dairy,Fresh Food,Senior,60+,Not Enrolled,South,6,38.0,Large
T00269,C052,P039,2025-11-14,1,2.8,2.8,Hilltop,Mobile,2025-11-14,Jam,Pantry,Grocery,Young Singles,26-40,Not Enrolled,East,3,15.7,Small
T00048,C056,P003,2025-03-23,1,1.8,1.8,Downtown,Card,2025-03-23,Tomatoes,Produce,Fresh Food,Premium Shopper,41-60,Silver,South,6,35.9,Large
T00109,C026,P049,2025-06-04,4,2.7,10.8,Hilltop,Mobile,2025-06-04,Toothpaste,Personal Care,Non-Food,Family,41-60,Silver,North,6,42.0,Large
T00248,C004,P004,2025-11-22,1,1.4,1.4,Riverside,Card,11/22/2025,Lettuce,Produce,Fresh Food,Young Singles,26-40,Bronze,North,7,79.8,Large
T00043,C054,P025,2025-03-14,1,2.2,2.2,Westgate,Voucher,2025-03-14,Energy Drink,Beverages,Grocery,Premium Shopper,41-60,Gold,North,3,12.5,Small
T00198,C002,P050,2025-09-06,2,2.2,4.4,Hilltop,Cash,2025-09-06,Hand Soap,Personal Care,Non-Food,Family,41-60,Not Enrolled,North,5,25.4,Large
T00299,C012,P040,2025-12-03,1,5.2,5.2,Riverside,Card,2025-12-03,Frozen Pizza,Frozen,Grocery,Young Singles,26-40,Not Enrolled,North,4,34.9,Large
T00256,C056,P042,2025-11-07,2,2.4,4.8,Westgate,Mobile,2025-11-07,Frozen Vegetables,Frozen,Grocery,Premium Shopper,41-60,Silver,South,5,41.7,Large
T00302,C013,P020,2025-12-02,4,1.6,6.4,Westgate,Mobile,2025-12-02,Cola,Beverages,Grocery,Senior,60+,Silver,Central,4,19.6,Large
T00185,C042,P018,2025-08-24,4,7.2,28.8,Westgate,Card,2025-08-24,Ground Beef,Meat,Fresh Food,Student,18-25,Silver,East,5,44.6,Large
T00180,C044,P039,2025-08-18,2,2.8,5.6,Riverside,Mobile,18-08-2025,Jam,Pantry,Grocery,Budget Shopper,26-40,Not Enrolled,North,5,32.9,Large
T00184,C011,P044,2025-08-19,1,5.5,5.5,Hilltop,Card,08/19/2025,Paper Towels,Household,Non-Food,Senior,60+,Not Enrolled,East,5,20.96,Large
T00065,C036,P027,2025-04-05,4,1.3,5.2,Downtown,Cash,2025-04-05,Chocolate Bar,Snacks,Grocery,Premium Shopper,41-60,Bronze,North,3,22.5,Small
T00252,C032,P034,2025-11-10,1,3.9,3.9,Eastpark,Cash,2025-11-10,Cereal,Pantry,Grocery,Family,41-60,Not Enrolled,Central,4,20.6,Large
T00243,C013,P040,2025-11-20,1,5.2,5.2,Riverside,Card,11/20/2025,Frozen Pizza,Frozen,Grocery,Senior,60+,Silver,Central,2,14.6,Small
T00054,C001,P017,2025-03-13,4,6.5,26.0,Hilltop,Cash,2025-03-13,Chicken Breast,Meat,Fresh Food,Student,18-25,Not Enrolled,East,4,62.2,Large
T00041,C026,P013,2025-03-25,4,1.9,7.6,Eastpark,Mobile,2025-03-25,White Bread,Bakery,Fresh Food,Family,41-60,Silver,North,5,17.7,Large
T00148,C007,P040,2025-07-02,1,5.2,5.2,Westgate,Card,2025-07-02,Frozen Pizza,Frozen,Grocery,Family,41-60,Silver,Central,4,19.4,Large
T00298,C036,P025,2025-12-29,2,2.2,4.4,Westgate,Card,2025-12-29,Energy Drink,Beverages,Grocery,Premium Shopper,41-60,Bronze,North,5,39.8,Large
T00021,C029,P008,2025-02-16,1,2.1,2.1,Hilltop,Mobile,02/16/2025,Whole Milk,Dairy,Fresh Food,Premium Shopper,41-60,Silver,East,3,10.4,Small
T00253,C040,P042,2025-11-25,1,2.4,2.4,Eastpark,Cash,2025-11-25,Frozen Vegetables,Frozen,Grocery,Premium Shopper,41-60,Not Enrolled,Central,4,12.86,Large
T00021,C029,P050,2025-02-16,2,2.2,4.4,Hilltop,Mobile,02/16/2025,Hand Soap,Personal Care,Non-Food,Premium Shopper,41-60,Silver,East,3,10.4,Small
T00258,C038,P039,2025-11-24,3,2.8,8.4,Downtown,Mobile,2025-11-24,Jam,Pantry,Grocery,Student,18-25,Bronze,North,6,49.3,Large
T00001,C043,P011,2025-01-13,1,3.8,3.8,Hilltop,Card,2025-01-13,Butter,Dairy,Fresh Food,Student,18-25,Bronze,East,2,9.4,Small
T00288,C013,P012,2025-12-13,3,2.6,7.8,Riverside,Mobile,12/13/2025,Eggs,Dairy,Fresh Food,Senior,60+,Silver,Central,3,11.58,Small
T00094,C029,P035,2025-05-26,2,2.1,4.2,Downtown,Card,2025-05-26,Sugar,Pantry,Grocery,Premium Shopper,41-60,Silver,East,4,25.5,Large
T00115,C045,P018,2025-06-07,5,7.2,36.0,Westgate,Card,2025-06-07,Ground Beef,Meat,Fresh Food,Student,18-25,Silver,East,6,70.2,Large
T00259,C059,P003,2025-11-29,2,1.8,3.6,Hilltop,Voucher,2025-11-29,Tomatoes,Produce,Fresh Food,Budget Shopper,26-40,Gold,Central,5,23.47,Large
T00020,C045,P009,2025-02-26,2,4.5,9.0,Eastpark,Cash,2025-02-26,Cheddar Cheese,Dairy,Fresh Food,Student,18-25,Silver,East,5,44.1,Large
T00248,C004,P044,2025-11-22,3,5.5,16.5,Riverside,Card,11/22/2025,Paper Towels,Household,Non-Food,Young Singles,26-40,Bronze,North,7,79.8,Large
T00224,C008,P020,2025-10-28,1,1.6,1.6,Westgate,Card,2025-10-28,Cola,Beverages,Grocery,Budget Shopper,26-40,Not Enrolled,Central,4,12.5,Large
T00225,C030,P032,2025-10-30,1,2.7,2.7,Riverside,Card,10/30/2025,Pasta Sauce,Pantry,Grocery,Family,41-60,Bronze,West,4,22.8,Large
T00223,C058,P027,2025-10-22,3,1.3,3.9,Hilltop,Mobile,2025-10-22,Chocolate Bar,Snacks,Grocery,Family,41-60,Not Enrolled,Central,2,5.5,Small
T00159,C030,P041,2025-07-13,1,4.6,4.6,Eastpark,Mobile,2025-07-13,Ice Cream,Frozen,Grocery,Family,41-60,Bronze,West,6,16.75,Large
T00229,C057,P004,2025-10-13,2,1.4,2.8,Hilltop,Mobile,2025-10-13,Lettuce,Produce,Fresh Food,Student,18-25,Bronze,Central,4,15.7,Large
T00073,C041,P045,2025-04-23,1,2.9,2.9,Westgate,Card,2025-04-23,Dish Soap,Household,Non-Food,Young Singles,26-40,Silver,North,6,28.9,Large
T00263,C009,P036,2025-11-12,3,7.8,23.4,Hilltop,Mobile,2025-11-12,Olive Oil,Pantry,Grocery,Senior,60+,Silver,North,3,27.7,Small
T00238,C028,P036,2025-10-04,3,7.8,23.4,Riverside,Cash,2025-10-04,Olive Oil,Pantry,Grocery,Budget Shopper,26-40,Not Enrolled,South,4,46.6,Large
T00246,C039,P041,2025-11-14,1,4.6,4.6,Eastpark,Card,11/14/2025,Ice Cream,Frozen,Grocery,Budget Shopper,26-40,Bronze,West,5,44.0,Large
T00117,C007,P036,2025-06-02,5,7.8,39.0,Westgate,Card,2025-06-02,Olive Oil,Pantry,Grocery,Family,41-60,Silver,Central,4,58.97,Large
T00176,C024,P010,2025-08-11,1,3.2,3.2,Hilltop,Card,08/11/2025,Greek Yogurt,Dairy,Fresh Food,Student,18-25,Not Enrolled,West,4,24.9,Large
T00271,C033,P038,2025-11-22,1,3.5,3.5,Hilltop,Card,2025-11-22,Peanut Butter,Pantry,Grocery,Premium Shopper,41-60,Not Enrolled,Central,6,20.6,Large
T00103,C050,P041,2025-05-07,1,4.6,4.6,Eastpark,Card,2025-05-07,Ice Cream,Frozen,Grocery,Premium Shopper,41-60,Gold,Central,3,14.2,Small
T00282,C019,P012,2025-12-08,4,2.6,10.4,Downtown,Card,12/08/2025,Eggs,Dairy,Fresh Food,Young Singles,26-40,Silver,North,4,38.0,Large
T00259,C059,P010,2025-11-29,4,3.2,12.8,Hilltop,Voucher,2025-11-29,Greek Yogurt,Dairy,Fresh Food,Budget Shopper,26-40,Gold,Central,5,23.47,Large
T00010,C001,P029,2025-01-02,2,2.0,4.0,Hilltop,Mobile,2025-01-02,Popcorn,Snacks,Grocery,Student,18-25,Not Enrolled,East,2,8.8,Small
T00152,C025,P037,2025-07-14,2,1.1,2.2,Downtown,Mobile,2025-07-14,Canned Beans,Pantry,Grocery,Budget Shopper,26-40,Not Enrolled,Central,6,21.6,Large
T00185,C042,P005,2025-08-24,4,0.9,3.6,Westgate,Card,2025-08-24,Onions,Produce,Fresh Food,Student,18-25,Silver,East,5,44.6,Large
T00025,C017,P035,2025-02-14,1,2.1,2.1,Downtown,Cash,02/14/2025,Sugar,Pantry,Grocery,Senior,60+,Bronze,North,2,11.0,Small
T00295,C009,P036,2025-12-05,2,7.8,15.6,Eastpark,Mobile,2025-12-05,Olive Oil,Pantry,Grocery,Senior,60+,Silver,North,4,36.4,Large
T00125,C051,P037,2025-06-28,1,1.1,1.1,Downtown,Cash,2025-06-28,Canned Beans,Pantry,Grocery,Young Singles,26-40,Bronze,West,3,6.4,Small
T00013,C053,P013,2025-01-07,5,1.9,9.5,Westgate,Card,01/07/2025,White Bread,Bakery,Fresh Food,Senior,60+,Not Enrolled,South,5,49.8,Large
T00195,C044,P029,2025-09-13,4,2.0,8.0,Westgate,Card,2025-09-13,Popcorn,Snacks,Grocery,Budget Shopper,26-40,Not Enrolled,North,2,22.4,Small
T00245,C012,P035,2025-11-19,5,2.1,10.5,Riverside,Card,2025-11-19,Sugar,Pantry,Grocery,Young Singles,26-40,Not Enrolled,North,4,73.6,Large
T00296,C041,P024,2025-12-17,3,3.6,10.8,Eastpark,Card,2025-12-17,Tea Bags,Beverages,Grocery,Young Singles,26-40,Silver,North,3,14.5,Small
T00238,C028,P010,2025-10-04,3,3.2,9.6,Riverside,Cash,2025-10-04,Greek Yogurt,Dairy,Fresh Food,Budget Shopper,26-40,Not Enrolled,South,4,46.6,Large
T00088,C016,P035,2025-05-12,2,2.1,4.2,Eastpark,Card,2025-05-12,Sugar,Pantry,Grocery,Young Singles,26-40,Bronze,Central,2,22.2,Small
T00015,C048,P040,2025-01-24,2,5.2,10.4,Riverside,Card,2025-01-24,Frozen Pizza,Frozen,Grocery,Student,18-25,Bronze,South,5,28.7,Large
T00073,C041,P035,2025-04-23,2,2.1,4.2,Westgate,Card,2025-04-23,Sugar,Pantry,Grocery,Young Singles,26-40,Silver,North,6,28.9,Large
T00128,C047,P020,2025-06-21,2,1.6,3.2,Westgate,Card,06/21/2025,Cola,Beverages,Grocery,Young Singles,26-40,Silver,East,3,8.45,Small
T00223,C058,P020,2025-10-22,1,1.6,1.6,Hilltop,Mobile,2025-10-22,Cola,Beverages,Grocery,Family,41-60,Not Enrolled,Central,2,5.5,Small
T00165,C011,P023,2025-08-18,2,8.9,17.8,Westgate,Card,2025-08-18,Coffee Beans,Beverages,Grocery,Senior,60+,Not Enrolled,East,5,34.5,Large
T00304,C016,P045,2025-12-26,5,2.9,14.5,Downtown,Voucher,2025-12-26,Dish Soap,Household,Non-Food,Young Singles,26-40,Bronze,Central,4,26.9,Large
T00281,C056,P045,2025-12-19,1,2.9,2.9,Downtown,Cash,2025-12-19,Dish Soap,Household,Non-Food,Premium Shopper,41-60,Silver,South,3,44.0,Small
T00101,C060,P042,2025-05-11,1,2.4,2.4,Riverside,Card,11-05-2025,Frozen Vegetables,Frozen,Grocery,Student,18-25,Silver,East,5,38.45,Large
T00199,C055,P012,2025-09-19,1,2.6,2.6,Westgate,Card,09/19/2025,Eggs,Dairy,Fresh Food,Student,18-25,Bronze,North,5,51.0,Large
T00197,C052,P046,2025-09-29,1,9.4,9.4,Eastpark,Card,29-09-2025,Laundry Detergent,Household,Non-Food,Young Singles,26-40,Not Enrolled,East,3,16.2,Small
T00176,C024,P009,2025-08-11,2,4.5,9.0,Hilltop,Card,08/11/2025,Cheddar Cheese,Dairy,Fresh Food,Student,18-25,Not Enrolled,West,4,24.9,Large
T00202,C038,P032,2025-09-13,2,2.7,5.4,Downtown,Card,2025-09-13,Pasta Sauce,Pantry,Grocery,Student,18-25,Bronze,North,6,37.8,Large
T00214,C027,P003,2025-09-29,3,1.8,5.4,Hilltop,Card,2025-09-29,Tomatoes,Produce,Fresh Food,Family,41-60,Silver,East,5,31.3,Large
T00171,C018,P050,2025-08-21,1,2.2,2.2,Westgate,Card,2025-08-21,Hand Soap,Personal Care,Non-Food,Young Singles,26-40,Bronze,East,4,8.85,Large
T00286,C023,P008,2025-12-17,1,2.1,2.1,Westgate,Mobile,12/17/2025,Whole Milk,Dairy,Fresh Food,Premium Shopper,41-60,Bronze,Central,3,12.8,Small
T00208,C031,P043,2025-09-03,2,3.0,6.0,Downtown,Card,2025-09-03,Frozen Fries,Frozen,Grocery,Student,18-25,Bronze,East,3,22.1,Small
T00247,C046,P043,2025-11-11,1,3.0,3.0,Downtown,Mobile,2025-11-11,Frozen Fries,Frozen,Grocery,Premium Shopper,41-60,Silver,Central,4,40.6,Large
T00259,C059,P008,2025-11-29,2,2.1,4.2,Hilltop,Voucher,2025-11-29,Whole Milk,Dairy,Fresh Food,Budget Shopper,26-40,Gold,Central,5,23.47,Large
T00062,C059,P018,2025-04-23,2,7.2,14.4,Westgate,Card,2025-04-23,Ground Beef,Meat,Fresh Food,Budget Shopper,26-40,Gold,Central,4,43.9,Large
T00157,C026,P003,2025-07-19,2,1.8,3.6,Eastpark,Cash,19-07-2025,Tomatoes,Produce,Fresh Food,Family,41-60,Silver,North,4,14.0,Large
T00106,C040,P021,2025-05-28,2,3.4,6.8,Westgate,Card,05/28/2025,Orange Juice,Beverages,Grocery,Premium Shopper,41-60,Not Enrolled,Central,2,7.9,Small
T00124,C031,P045,2025-06-05,2,2.9,5.8,Riverside,Cash,05-06-2025,Dish Soap,Household,Non-Food,Student,18-25,Bronze,East,3,16.8,Small
T00030,C050,P006,2025-02-18,3,0.85,2.55,Westgate,Cash,02/18/2025,Carrots,Produce,Fresh Food,Premium Shopper,41-60,Gold,Central,4,41.25,Large
T00257,C027,P044,2025-11-09,1,5.5,5.5,Westgate,Card,2025-11-09,Paper Towels,Household,Non-Food,Family,41-60,Silver,East,2,9.9,Small
T00239,C004,P006,2025-10-09,1,0.85,0.85,Eastpark,Card,2025-10-09,Carrots,Produce,Fresh Food,Young Singles,26-40,Bronze,North,3,6.25,Small
T00054,C001,P044,2025-03-13,4,5.5,22.0,Hilltop,Cash,2025-03-13,Paper Towels,Household,Non-Food,Student,18-25,Not Enrolled,East,4,62.2,Large
T00071,C004,P017,2025-04-20,2,6.5,13.0,Downtown,Card,20-04-2025,Chicken Breast,Meat,Fresh Food,Young Singles,26-40,Bronze,North,4,22.6,Large
T00245,C012,P033,2025-11-19,2,4.2,8.4,Riverside,Card,2025-11-19,Rice,Pantry,Grocery,Young Singles,26-40,Not Enrolled,North,4,73.6,Large
T00218,C039,P017,2025-10-16,1,6.5,6.5,Westgate,Card,10/16/2025,Chicken Breast,Meat,Fresh Food,Budget Shopper,26-40,Bronze,West,4,26.2,Large
T00287,C012,P024,2025-12-09,1,3.6,3.6,Eastpark,Card,2025-12-09,Tea Bags,Beverages,Grocery,Young Singles,26-40,Not Enrolled,North,6,21.3,Large
T00278,C003,P050,2025-12-22,1,2.2,2.2,Hilltop,Card,2025-12-22,Hand Soap,Personal Care,Non-Food,Student,18-25,Silver,Central,2,9.4,Small
T00035,C053,P020,2025-02-04,1,1.6,1.6,Downtown,Card,2025-02-04,Cola,Beverages,Grocery,Senior,60+,Not Enrolled,South,4,14.4,Large
T00243,C013,P046,2025-11-20,1,9.4,9.4,Riverside,Card,11/20/2025,Laundry Detergent,Household,Non-Food,Senior,60+,Silver,Central,2,14.6,Small
T00087,C004,P039,2025-05-04,1,2.8,2.8,Riverside,Card,05/04/2025,Jam,Pantry,Grocery,Young Singles,26-40,Bronze,North,3,12.4,Small
T00178,C016,P019,2025-08-05,1,5.4,5.4,Hilltop,Mobile,2025-08-05,Bacon,Meat,Fresh Food,Young Singles,26-40,Bronze,Central,4,27.3,Large
T00069,C048,P035,2025-04-03,3,2.1,6.3,Eastpark,Card,2025-04-03,Sugar,Pantry,Grocery,Student,18-25,Bronze,South,3,13.3,Small
T00079,C007,P010,2025-04-11,2,3.2,6.4,Eastpark,Mobile,2025-04-11,Greek Yogurt,Dairy,Fresh Food,Family,41-60,Silver,Central,4,22.3,Large
T00043,C054,P039,2025-03-14,3,2.8,8.4,Westgate,Voucher,2025-03-14,Jam,Pantry,Grocery,Premium Shopper,41-60,Gold,North,3,12.5,Small
T00207,C014,P007,2025-09-11,1,1.5,1.5,Riverside,Card,2025-09-11,Avocado,Produce,Fresh Food,Senior,60+,Silver,West,6,25.4,Large
T00204,C005,P041,2025-09-24,3,4.6,13.8,Riverside,Card,2025-09-24,Ice Cream,Frozen,Grocery,Young Singles,26-40,Not Enrolled,South,4,37.3,Large
T00159,C030,P027,2025-07-13,1,1.3,1.3,Eastpark,Mobile,2025-07-13,Chocolate Bar,Snacks,Grocery,Family,41-60,Bronze,West,6,16.75,Large
T00244,C038,P032,2025-11-22,4,2.7,10.8,Downtown,Mobile,2025-11-22,Pasta Sauce,Pantry,Grocery,Student,18-25,Bronze,North,4,37.78,Large
T00256,C056,P050,2025-11-07,3,2.2,6.6,Westgate,Mobile,2025-11-07,Hand Soap,Personal Care,Non-Food,Premium Shopper,41-60,Silver,South,5,41.7,Large
T00014,C003,P008,2025-01-09,1,2.1,2.1,Downtown,Cash,2025-01-09,Whole Milk,Dairy,Fresh Food,Student,18-25,Silver,Central,4,16.2,Large
T00275,C035,P026,2025-11-28,3,2.5,7.5,Westgate,Cash,2025-11-28,Potato Chips,Snacks,Grocery,Senior,60+,Not Enrolled,South,6,38.0,Large
T00109,C026,P009,2025-06-04,2,4.5,9.0,Hilltop,Mobile,2025-06-04,Cheddar Cheese,Dairy,Fresh Food,Family,41-60,Silver,North,6,42.0,Large
T00298,C036,P042,2025-12-29,2,2.4,4.8,Westgate,Card,2025-12-29,Frozen Vegetables,Frozen,Grocery,Premium Shopper,41-60,Bronze,North,5,39.8,Large
T00274,C034,P024,2025-11-19,2,3.6,7.2,Downtown,Cash,2025-11-19,Tea Bags,Beverages,Grocery,Budget Shopper,26-40,Gold,West,2,9.3,Small
T00253,C040,P001,2025-11-25,4,0.59,2.36,Eastpark,Cash,2025-11-25,Bananas,Produce,Fresh Food,Premium Shopper,41-60,Not Enrolled,Central,4,12.86,Large
T00210,C038,P027,2025-09-25,1,1.3,1.3,Riverside,Cash,09/25/2025,Chocolate Bar,Snacks,Grocery,Student,18-25,Bronze,North,5,25.4,Large
T00018,C053,P003,2025-01-03,3,1.8,5.4,Riverside,Mobile,2025-01-03,Tomatoes,Produce,Fresh Food,Senior,60+,Not Enrolled,South,2,6.6,Small
T00259,C059,P001,2025-11-29,3,0.59,1.77,Hilltop,Voucher,2025-11-29,Bananas,Produce,Fresh Food,Budget Shopper,26-40,Gold,Central,5,23.47,Large
T00206,C005,P036,2025-09-04,2,7.8,15.6,Hilltop,Card,2025-09-04,Olive Oil,Pantry,Grocery,Young Singles,26-40,Not Enrolled,South,4,32.4,Large
T00049,C030,P044,2025-03-09,1,5.5,5.5,Hilltop,Mobile,03/09/2025,Paper Towels,Household,Non-Food,Family,41-60,Bronze,West,3,18.4,Small
T00310,C046,P024,2025-12-20,1,3.6,3.6,Downtown,Card,20-12-2025,Tea Bags,Beverages,Grocery,Premium Shopper,41-60,Silver,Central,4,41.0,Large
T00239,C004,P030,2025-10-09,1,2.3,2.3,Eastpark,Card,2025-10-09,Pretzels,Snacks,Grocery,Young Singles,26-40,Bronze,North,3,6.25,Small
T00260,C012,P035,2025-11-06,5,2.1,10.5,Riverside,Cash,2025-11-06,Sugar,Pantry,Grocery,Young Singles,26-40,Not Enrolled,North,3,20.7,Small
T00129,C026,P049,2025-06-18,2,2.7,5.4,Eastpark,Card,18-06-2025,Toothpaste,Personal Care,Non-Food,Family,41-60,Silver,North,5,20.4,Large
T00273,C024,P048,2025-11-14,2,4.8,9.6,Downtown,Mobile,2025-11-14,Shampoo,Personal Care,Non-Food,Student,18-25,Not Enrolled,West,6,31.6,Large
T00282,C019,P032,2025-12-08,1,2.7,2.7,Downtown,Card,12/08/2025,Pasta Sauce,Pantry,Grocery,Young Singles,26-40,Silver,North,4,38.0,Large
T00107,C032,P016,2025-05-15,3,3.1,9.3,Hilltop,Cash,2025-05-15,Croissant,Bakery,Fresh Food,Family,41-60,Not Enrolled,Central,3,16.3,Small
T00313,C021,P049,2025-12-29,1,2.7,2.7,Eastpark,Voucher,2025-12-29,Toothpaste,Personal Care,Non-Food,Family,41-60,Bronze,South,3,16.0,Small
T00148,C007,P002,2025-07-02,2,1.2,2.4,Westgate,Card,2025-07-02,Apples,Produce,Fresh Food,Family,41-60,Silver,Central,4,19.4,Large
T00228,C057,P020,2025-10-14,1,1.6,1.6,Riverside,Card,14-10-2025,Cola,Beverages,Grocery,Student,18-25,Bronze,Central,4,15.5,Large
T00009,C043,P042,2025-01-01,1,2.4,2.4,Eastpark,Card,2025-01-01,Frozen Vegetables,Frozen,Grocery,Student,18-25,Bronze,East,6,57.7,Large
T00152,C025,P016,2025-07-14,1,3.1,3.1,Downtown,Mobile,2025-07-14,Croissant,Bakery,Fresh Food,Budget Shopper,26-40,Not Enrolled,Central,6,21.6,Large
T00246,C039,P036,2025-11-14,2,7.8,15.6,Eastpark,Card,11/14/2025,Olive Oil,Pantry,Grocery,Budget Shopper,26-40,Bronze,West,5,44.0,Large
T00291,C035,P050,2025-12-21,3,2.2,6.6,Riverside,Voucher,2025-12-21,Hand Soap,Personal Care,Non-Food,Senior,60+,Not Enrolled,South,3,17.7,Small
T00205,C025,P023,2025-09-02,3,8.9,26.7,Westgate,Mobile,02-09-2025,Coffee Beans,Beverages,Grocery,Budget Shopper,26-40,Not Enrolled,Central,5,42.5,Large
T00051,C037,P015,2025-03-01,1,2.8,2.8,Downtown,Voucher,03/01/2025,Bagels,Bakery,Fresh Food,Young Singles,26-40,Not Enrolled,South,5,34.5,Large
T00177,C044,P049,2025-08-20,2,2.7,5.4,Westgate,Mobile,2025-08-20,Toothpaste,Personal Care,Non-Food,Budget Shopper,26-40,Not Enrolled,North,2,15.9,Small
T00110,C054,P025,2025-06-17,5,2.2,11.0,Eastpark,Cash,06/17/2025,Energy Drink,Beverages,Grocery,Premium Shopper,41-60,Gold,North,2,12.2,Small
T00077,C006,P037,2025-04-28,1,1.1,1.1,Eastpark,Cash,2025-04-28,Canned Beans,Pantry,Grocery,Premium Shopper,41-60,Bronze,Central,4,21.9,Large
T00041,C026,P011,2025-03-25,1,3.8,3.8,Eastpark,Mobile,2025-03-25,Butter,Dairy,Fresh Food,Family,41-60,Silver,North,5,17.7,Large
T00065,C036,P008,2025-04-05,4,2.1,8.4,Downtown,Cash,2025-04-05,Whole Milk,Dairy,Fresh Food,Premium Shopper,41-60,Bronze,North,3,22.5,Small
T00069,C048,P021,2025-04-03,1,3.4,3.4,Eastpark,Card,2025-04-03,Orange Juice,Beverages,Grocery,Student,18-25,Bronze,South,3,13.3,Small
T00147,C003,P038,2025-07-22,3,3.5,10.5,Riverside,Voucher,2025-07-22,Peanut Butter,Pantry,Grocery,Student,18-25,Silver,Central,6,53.4,Large
T00292,C041,P020,2025-12-06,1,1.6,1.6,Hilltop,Card,2025-12-06,Cola,Beverages,Grocery,Young Singles,26-40,Silver,North,3,19.6,Small
T00184,C011,P001,2025-08-19,4,0.59,2.36,Hilltop,Card,08/19/2025,Bananas,Produce,Fresh Food,Senior,60+,Not Enrolled,East,5,20.96,Large
T00231,C054,P003,2025-10-09,1,1.8,1.8,Eastpark,Voucher,2025-10-09,Tomatoes,Produce,Fresh Food,Premium Shopper,41-60,Gold,North,3,25.0,Small
T00028,C026,P007,2025-02-13,1,1.5,1.5,Riverside,Card,2025-02-13,Avocado,Produce,Fresh Food,Family,41-60,Silver,North,4,18.4,Large
T00146,C057,P022,2025-07-23,1,1.1,1.1,Eastpark,Cash,2025-07-23,Sparkling Water,Beverages,Grocery,Student,18-25,Bronze,Central,1,1.1,Single
T00230,C041,P018,2025-10-22,2,7.2,14.4,Downtown,Card,2025-10-22,Ground Beef,Meat,Fresh Food,Young Singles,26-40,Silver,North,4,28.0,Large
T00250,C038,P011,2025-11-25,1,3.8,3.8,Eastpark,Mobile,2025-11-25,Butter,Dairy,Fresh Food,Student,18-25,Bronze,North,4,19.6,Large
T00214,C027,P020,2025-09-29,4,1.6,6.4,Hilltop,Card,2025-09-29,Cola,Beverages,Grocery,Family,41-60,Silver,East,5,31.3,Large
T00022,C009,P022,2025-02-03,1,1.1,1.1,Riverside,Card,2025-02-03,Sparkling Water,Beverages,Grocery,Senior,60+,Silver,North,4,12.7,Large
T00055,C041,P003,2025-03-03,1,1.8,1.8,Westgate,Voucher,2025-03-03,Tomatoes,Produce,Fresh Food,Young Singles,26-40,Silver,North,3,14.3,Small
T00100,C034,P039,2025-05-22,1,2.8,2.8,Hilltop,Card,05/22/2025,Jam,Pantry,Grocery,Budget Shopper,26-40,Gold,West,3,10.8,Small
T00179,C004,P039,2025-08-21,1,2.8,2.8,Riverside,Cash,2025-08-21,Jam,Pantry,Grocery,Young Singles,26-40,Bronze,North,3,9.4,Small
T00108,C035,P004,2025-06-10,2,1.4,2.8,Downtown,Mobile,2025-06-10,Lettuce,Produce,Fresh Food,Senior,60+,Not Enrolled,South,5,25.1,Large
T00252,C032,P008,2025-11-10,1,2.1,2.1,Eastpark,Cash,2025-11-10,Whole Milk,Dairy,Fresh Food,Family,41-60,Not Enrolled,Central,4,20.6,Large
T00255,C032,P006,2025-11-15,2,0.85,1.7,Downtown,Card,2025-11-15,Carrots,Produce,Fresh Food,Family,41-60,Not Enrolled,Central,3,22.2,Small
T00119,C054,P003,2025-06-02,1,1.8,1.8,Westgate,Mobile,2025-06-02,Tomatoes,Produce,Fresh Food,Premium Shopper,41-60,Gold,North,4,12.7,Large
T00130,C027,P014,2025-06-22,1,2.4,2.4,Eastpark,Mobile,06/22/2025,Whole Wheat Bread,Bakery,Fresh Food,Family,41-60,Silver,East,1,2.4,Single
T00287,C012,P027,2025-12-09,2,1.3,2.6,Eastpark,Card,2025-12-09,Chocolate Bar,Snacks,Grocery,Young Singles,26-40,Not Enrolled,North,6,21.3,Large
T00273,C024,P035,2025-11-14,2,2.1,4.2,Downtown,Mobile,2025-11-14,Sugar,Pantry,Grocery,Student,18-25,Not Enrolled,West,6,31.6,Large
T00116,C014,P009,2025-06-16,1,4.5,4.5,Riverside,Mobile,2025-06-16,Cheddar Cheese,Dairy,Fresh Food,Senior,60+,Silver,West,3,21.9,Small
T00031,C023,P018,2025-02-07,2,7.2,14.4,Hilltop,Card,02/07/2025,Ground Beef,Meat,Fresh Food,Premium Shopper,41-60,Bronze,Central,4,35.67,Large
T00174,C060,P011,2025-08-04,4,3.8,15.2,Riverside,Card,2025-08-04,Butter,Dairy,Fresh Food,Student,18-25,Silver,East,6,26.8,Large
T00227,C044,P007,2025-10-01,2,1.5,3.0,Downtown,Cash,2025-10-01,Avocado,Produce,Fresh Food,Budget Shopper,26-40,Not Enrolled,North,4,45.0,Large
T00288,C013,P027,2025-12-13,2,1.3,2.6,Riverside,Mobile,12/13/2025,Chocolate Bar,Snacks,Grocery,Senior,60+,Silver,Central,3,11.58,Small
T00037,C019,P005,2025-03-16,2,0.9,1.8,Downtown,Card,03/16/2025,Onions,Produce,Fresh Food,Young Singles,26-40,Silver,North,4,26.2,Large
T00013,C053,P005,2025-01-07,5,0.9,4.5,Westgate,Card,01/07/2025,Onions,Produce,Fresh Food,Senior,60+,Not Enrolled,South,5,49.8,Large
T00220,C053,P024,2025-10-17,1,3.6,3.6,Eastpark,Card,2025-10-17,Tea Bags,Beverages,Grocery,Senior,60+,Not Enrolled,South,3,13.8,Small
T00168,C056,P046,2025-08-15,2,9.4,18.8,Downtown,Mobile,2025-08-15,Laundry Detergent,Household,Non-Food,Premium Shopper,41-60,Silver,South,5,53.1,Large
T00205,C025,P025,2025-09-02,2,2.2,4.4,Westgate,Mobile,02-09-2025,Energy Drink,Beverages,Grocery,Budget Shopper,26-40,Not Enrolled,Central,5,42.5,Large
T00182,C042,P016,2025-08-22,1,3.1,3.1,Downtown,Card,2025-08-22,Croissant,Bakery,Fresh Food,Student,18-25,Silver,East,6,21.6,Large
T00020,C045,P030,2025-02-26,3,2.3,6.9,Eastpark,Cash,2025-02-26,Pretzels,Snacks,Grocery,Student,18-25,Silver,East,5,44.1,Large
T00048,C056,P019,2025-03-23,3,5.4,16.2,Downtown,Card,2025-03-23,Bacon,Meat,Fresh Food,Premium Shopper,41-60,Silver,South,6,35.9,Large
T00244,C038,P033,2025-11-22,4,4.2,16.8,Downtown,Mobile,2025-11-22,Rice,Pantry,Grocery,Student,18-25,Bronze,North,4,37.78,Large
T00084,C031,P011,2025-05-21,1,3.8,3.8,Hilltop,Cash,2025-05-21,Butter,Dairy,Fresh Food,Student,18-25,Bronze,East,5,28.35,Large
T00040,C055,P026,2025-03-04,1,2.5,2.5,Riverside,Card,2025-03-04,Potato Chips,Snacks,Grocery,Student,18-25,Bronze,North,2,10.3,Small
T00080,C020,P048,2025-04-03,3,4.8,14.4,Eastpark,Card,04/03/2025,Shampoo,Personal Care,Non-Food,Budget Shopper,26-40,Not Enrolled,East,6,55.6,Large
T00206,C005,P022,2025-09-04,1,1.1,1.1,Hilltop,Card,2025-09-04,Sparkling Water,Beverages,Grocery,Young Singles,26-40,Not Enrolled,South,4,32.4,Large
T00171,C018,P020,2025-08-21,1,1.6,1.6,Westgate,Card,2025-08-21,Cola,Beverages,Grocery,Young Singles,26-40,Bronze,East,4,8.85,Large
T00212,C047,P034,2025-09-30,3,3.9,11.7,Downtown,Card,2025-09-30,Cereal,Pantry,Grocery,Young Singles,26-40,Silver,East,3,28.2,Small
T00168,C056,P038,2025-08-15,2,3.5,7.0,Downtown,Mobile,2025-08-15,Peanut Butter,Pantry,Grocery,Premium Shopper,41-60,Silver,South,5,53.1,Large
T00058,C018,P006,2025-03-13,1,0.85,0.85,Riverside,Voucher,13-03-2025,Carrots,Produce,Fresh Food,Young Singles,26-40,Bronze,East,5,22.65,Large
T00030,C050,P021,2025-02-18,2,3.4,6.8,Westgate,Cash,02/18/2025,Orange Juice,Beverages,Grocery,Premium Shopper,41-60,Gold,Central,4,41.25,Large
T00160,C046,P011,2025-07-26,4,3.8,15.2,Downtown,Card,2025-07-26,Butter,Dairy,Fresh Food,Premium Shopper,41-60,Silver,Central,2,17.4,Small
T00211,C029,P013,2025-09-25,3,1.9,5.7,Riverside,Voucher,2025-09-25,White Bread,Bakery,Fresh Food,Premium Shopper,41-60,Silver,East,3,38.7,Small
T00297,C019,P049,2025-12-12,3,2.7,8.1,Westgate,Cash,2025-12-12,Toothpaste,Personal Care,Non-Food,Young Singles,26-40,Silver,North,3,16.5,Small
T00033,C035,P034,2025-02-24,1,3.9,3.9,Riverside,Card,02/24/2025,Cereal,Pantry,Grocery,Senior,60+,Not Enrolled,South,3,23.5,Small
T00081,C050,P022,2025-04-17,3,1.1,3.3,Eastpark,Mobile,04/17/2025,Sparkling Water,Beverages,Grocery,Premium Shopper,41-60,Gold,Central,1,3.3,Single
T00045,C025,P031,2025-03-19,1,1.5,1.5,Riverside,Mobile,2025-03-19,Pasta,Pantry,Grocery,Budget Shopper,26-40,Not Enrolled,Central,2,8.1,Small
T00198,C002,P032,2025-09-06,3,2.7,8.1,Hilltop,Cash,2025-09-06,Pasta Sauce,Pantry,Grocery,Family,41-60,Not Enrolled,North,5,25.4,Large
T00080,C020,P045,2025-04-03,1,2.9,2.9,Eastpark,Card,04/03/2025,Dish Soap,Household,Non-Food,Budget Shopper,26-40,Not Enrolled,East,6,55.6,Large
T00214,C027,P012,2025-09-29,1,2.6,2.6,Hilltop,Card,2025-09-29,Eggs,Dairy,Fresh Food,Family,41-60,Silver,East,5,31.3,Large
T00135,C018,P013,2025-06-02,1,1.9,1.9,Westgate,Mobile,2025-06-02,White Bread,Bakery,Fresh Food,Young Singles,26-40,Bronze,East,5,50.1,Large
T00094,C029,P024,2025-05-26,4,3.6,14.4,Downtown,Card,2025-05-26,Tea Bags,Beverages,Grocery,Premium Shopper,41-60,Silver,East,4,25.5,Large
T00165,C011,P020,2025-08-18,1,1.6,1.6,Westgate,Card,2025-08-18,Cola,Beverages,Grocery,Senior,60+,Not Enrolled,East,5,34.5,Large
T00312,C043,P020,2025-12-23,2,1.6,3.2,Westgate,Mobile,2025-12-23,Cola,Beverages,Grocery,Student,18-25,Bronze,East,2,8.2,Small
T00084,C031,P006,2025-05-21,1,0.85,0.85,Hilltop,Cash,2025-05-21,Carrots,Produce,Fresh Food,Student,18-25,Bronze,East,5,28.35,Large
T00298,C036,P023,2025-12-29,2,8.9,17.8,Westgate,Card,2025-12-29,Coffee Beans,Beverages,Grocery,Premium Shopper,41-60,Bronze,North,5,39.8,Large
T00057,C045,P035,2025-03-02,2,2.1,4.2,Hilltop,Card,2025-03-02,Sugar,Pantry,Grocery,Student,18-25,Silver,East,2,22.2,Small
T00094,C029,P003,2025-05-26,2,1.8,3.6,Downtown,Card,2025-05-26,Tomatoes,Produce,Fresh Food,Premium Shopper,41-60,Silver,East,4,25.5,Large
T00224,C008,P040,2025-10-28,1,5.2,5.2,Westgate,Card,2025-10-28,Frozen Pizza,Frozen,Grocery,Budget Shopper,26-40,Not Enrolled,Central,4,12.5,Large
T00297,C019,P031,2025-12-12,2,1.5,3.0,Westgate,Cash,2025-12-12,Pasta,Pantry,Grocery,Young Singles,26-40,Silver,North,3,16.5,Small
T00008,C009,P007,2025-01-13,2,1.5,3.0,Hilltop,Cash,13-01-2025,Avocado,Produce,Fresh Food,Senior,60+,Silver,North,6,29.18,Large
T00092,C026,P032,2025-05-29,1,2.7,2.7,Westgate,Mobile,2025-05-29,Pasta Sauce,Pantry,Grocery,Family,41-60,Silver,North,6,25.65,Large
T00202,C038,P021,2025-09-13,2,3.4,6.8,Downtown,Card,2025-09-13,Orange Juice,Beverages,Grocery,Student,18-25,Bronze,North,6,37.8,Large
T00030,C050,P016,2025-02-18,1,3.1,3.1,Westgate,Cash,02/18/2025,Croissant,Bakery,Fresh Food,Premium Shopper,41-60,Gold,Central,4,41.25,Large
T00013,C053,P011,2025-01-07,5,3.8,19.0,Westgate,Card,01/07/2025,Butter,Dairy,Fresh Food,Senior,60+,Not Enrolled,South,5,49.8,Large
T00145,C051,P034,2025-07-21,1,3.9,3.9,Hilltop,Cash,07/21/2025,Cereal,Pantry,Grocery,Young Singles,26-40,Bronze,West,1,3.9,Single
T00207,C014,P035,2025-09-11,1,2.1,2.1,Riverside,Card,2025-09-11,Sugar,Pantry,Grocery,Senior,60+,Silver,West,6,25.4,Large
T00263,C009,P020,2025-11-12,1,1.6,1.6,Hilltop,Mobile,2025-11-12,Cola,Beverages,Grocery,Senior,60+,Silver,North,3,27.7,Small
T00012,C036,P016,2025-01-25,2,3.1,6.2,Westgate,Voucher,01/25/2025,Croissant,Bakery,Fresh Food,Premium Shopper,41-60,Bronze,North,6,49.0,Large
T00092,C026,P006,2025-05-29,1,0.85,0.85,Westgate,Mobile,2025-05-29,Carrots,Produce,Fresh Food,Family,41-60,Silver,North,6,25.65,Large
T00002,C041,P016,2025-01-23,2,3.1,6.2,Downtown,Card,23-01-2025,Croissant,Bakery,Fresh Food,Young Singles,26-40,Silver,North,5,32.6,Large
T00034,C018,P049,2025-02-05,1,2.7,2.7,Downtown,Voucher,2025-02-05,Toothpaste,Personal Care,Non-Food,Young Singles,26-40,Bronze,East,4,14.5,Large
T00162,C014,P007,2025-07-23,2,1.5,3.0,Riverside,Card,07/23/2025,Avocado,Produce,Fresh Food,Senior,60+,Silver,West,4,11.6,Large
T00277,C060,P050,2025-12-13,2,2.2,4.4,Westgate,Cash,2025-12-13,Hand Soap,Personal Care,Non-Food,Student,18-25,Silver,East,5,33.2,Large
T00140,C034,P004,2025-07-02,2,1.4,2.8,Downtown,Mobile,2025-07-02,Lettuce,Produce,Fresh Food,Budget Shopper,26-40,Gold,West,5,22.28,Large
T00240,C042,P039,2025-10-24,5,2.8,14.0,Downtown,Card,2025-10-24,Jam,Pantry,Grocery,Student,18-25,Silver,East,3,18.58,Small
T00058,C018,P043,2025-03-13,1,3.0,3.0,Riverside,Voucher,13-03-2025,Frozen Fries,Frozen,Grocery,Young Singles,26-40,Bronze,East,5,22.65,Large
T00038,C010,P008,2025-03-27,1,2.1,2.1,Downtown,Card,03/27/2025,Whole Milk,Dairy,Fresh Food,Family,41-60,Silver,East,4,19.1,Large
T00293,C029,P012,2025-12-29,4,2.6,10.4,Hilltop,Mobile,2025-12-29,Eggs,Dairy,Fresh Food,Premium Shopper,41-60,Silver,East,4,22.0,Large
T00029,C042,P028,2025-02-17,2,2.9,5.8,Hilltop,Card,2025-02-17,Cookies,Snacks,Grocery,Student,18-25,Silver,East,3,16.3,Small
T00041,C026,P027,2025-03-25,2,1.3,2.6,Eastpark,Mobile,2025-03-25,Chocolate Bar,Snacks,Grocery,Family,41-60,Silver,North,5,17.7,Large
T00098,C051,P035,2025-05-07,5,2.1,10.5,Riverside,Card,2025-05-07,Sugar,Pantry,Grocery,Young Singles,26-40,Bronze,West,3,26.0,Small
T00092,C026,P024,2025-05-29,2,3.6,7.2,Westgate,Mobile,2025-05-29,Tea Bags,Beverages,Grocery,Family,41-60,Silver,North,6,25.65,Large
T00260,C012,P043,2025-11-06,1,3.0,3.0,Riverside,Cash,2025-11-06,Frozen Fries,Frozen,Grocery,Young Singles,26-40,Not Enrolled,North,3,20.7,Small
T00222,C053,P035,2025-10-19,3,2.1,6.3,Riverside,Card,10/19/2025,Sugar,Pantry,Grocery,Senior,60+,Not Enrolled,South,5,39.5,Large
T00103,C050,P035,2025-05-07,2,2.1,4.2,Eastpark,Card,2025-05-07,Sugar,Pantry,Grocery,Premium Shopper,41-60,Gold,Central,3,14.2,Small
T00276,C007,P046,2025-12-06,5,9.4,47.0,Riverside,Cash,12/06/2025,Laundry Detergent,Household,Non-Food,Family,41-60,Silver,Central,5,66.2,Large
T00044,C018,P029,2025-03-17,2,2.0,4.0,Downtown,Card,2025-03-17,Popcorn,Snacks,Grocery,Young Singles,26-40,Bronze,East,4,21.8,Large
T00270,C058,P023,2025-11-02,5,8.9,44.5,Eastpark,Card,2025-11-02,Coffee Beans,Beverages,Grocery,Family,41-60,Not Enrolled,Central,6,65.5,Large
T00151,C009,P007,2025-07-04,3,1.5,4.5,Downtown,Card,2025-07-04,Avocado,Produce,Fresh Food,Senior,60+,Silver,North,3,8.2,Small
T00306,C023,P045,2025-12-13,2,2.9,5.8,Riverside,Card,2025-12-13,Dish Soap,Household,Non-Food,Premium Shopper,41-60,Bronze,Central,4,36.4,Large
T00208,C031,P042,2025-09-03,4,2.4,9.6,Downtown,Card,2025-09-03,Frozen Vegetables,Frozen,Grocery,Student,18-25,Bronze,East,3,22.1,Small
T00135,C018,P043,2025-06-02,5,3.0,15.0,Westgate,Mobile,2025-06-02,Frozen Fries,Frozen,Grocery,Young Singles,26-40,Bronze,East,5,50.1,Large
T00026,C013,P037,2025-02-08,5,1.1,5.5,Downtown,Cash,2025-02-08,Canned Beans,Pantry,Grocery,Senior,60+,Silver,Central,3,12.1,Small
T00291,C035,P032,2025-12-21,1,2.7,2.7,Riverside,Voucher,2025-12-21,Pasta Sauce,Pantry,Grocery,Senior,60+,Not Enrolled,South,3,17.7,Small
T00011,C045,P009,2025-01-29,3,4.5,13.5,Riverside,Cash,01/29/2025,Cheddar Cheese,Dairy,Fresh Food,Student,18-25,Silver,East,4,31.0,Large
T00114,C052,P020,2025-06-21,1,1.6,1.6,Hilltop,Cash,2025-06-21,Cola,Beverages,Grocery,Young Singles,26-40,Not Enrolled,East,2,9.4,Small
T00032,C019,P024,2025-02-03,2,3.6,7.2,Riverside,Card,2025-02-03,Tea Bags,Beverages,Grocery,Young Singles,26-40,Silver,North,4,30.9,Large
T00299,C012,P045,2025-12-03,5,2.9,14.5,Riverside,Card,2025-12-03,Dish Soap,Household,Non-Food,Young Singles,26-40,Not Enrolled,North,4,34.9,Large
T00190,C060,P018,2025-08-11,2,7.2,14.4,Westgate,Mobile,08/11/2025,Ground Beef,Meat,Fresh Food,Student,18-25,Silver,East,3,21.0,Small
T00225,C030,P041,2025-10-30,3,4.6,13.8,Riverside,Card,10/30/2025,Ice Cream,Frozen,Grocery,Family,41-60,Bronze,West,4,22.8,Large
T00062,C059,P009,2025-04-23,5,4.5,22.5,Westgate,Card,2025-04-23,Cheddar Cheese,Dairy,Fresh Food,Budget Shopper,26-40,Gold,Central,4,43.9,Large
T00090,C023,P009,2025-05-02,2,4.5,9.0,Eastpark,Card,2025-05-02,Cheddar Cheese,Dairy,Fresh Food,Premium Shopper,41-60,Bronze,Central,5,24.1,Large
T00270,C058,P002,2025-11-02,3,1.2,3.6,Eastpark,Card,2025-11-02,Apples,Produce,Fresh Food,Family,41-60,Not Enrolled,Central,6,65.5,Large
T00113,C034,P025,2025-06-05,1,2.2,2.2,Riverside,Cash,05-06-2025,Energy Drink,Beverages,Grocery,Budget Shopper,26-40,Gold,West,3,19.4,Small
T00247,C046,P027,2025-11-11,3,1.3,3.9,Downtown,Mobile,2025-11-11,Chocolate Bar,Snacks,Grocery,Premium Shopper,41-60,Silver,Central,4,40.6,Large
T00218,C039,P045,2025-10-16,3,2.9,8.7,Westgate,Card,10/16/2025,Dish Soap,Household,Non-Food,Budget Shopper,26-40,Bronze,West,4,26.2,Large
T00024,C030,P002,2025-02-27,1,1.2,1.2,Riverside,Voucher,2025-02-27,Apples,Produce,Fresh Food,Family,41-60,Bronze,West,5,10.75,Large
T00202,C038,P041,2025-09-13,3,4.6,13.8,Downtown,Card,2025-09-13,Ice Cream,Frozen,Grocery,Student,18-25,Bronze,North,6,37.8,Large
T00080,C020,P043,2025-04-03,5,3.0,15.0,Eastpark,Card,04/03/2025,Frozen Fries,Frozen,Grocery,Budget Shopper,26-40,Not Enrolled,East,6,55.6,Large
T00009,C043,P036,2025-01-01,2,7.8,15.6,Eastpark,Card,2025-01-01,Olive Oil,Pantry,Grocery,Student,18-25,Bronze,East,6,57.7,Large
T00093,C029,P018,2025-05-12,1,7.2,7.2,Downtown,Mobile,12-05-2025,Ground Beef,Meat,Fresh Food,Premium Shopper,41-60,Silver,East,4,20.7,Large
T00209,C017,P043,2025-09-15,1,3.0,3.0,Riverside,Mobile,2025-09-15,Frozen Fries,Frozen,Grocery,Senior,60+,Bronze,North,2,11.7,Small
T00034,C018,P009,2025-02-05,1,4.5,4.5,Downtown,Voucher,2025-02-05,Cheddar Cheese,Dairy,Fresh Food,Young Singles,26-40,Bronze,East,4,14.5,Large
T00234,C021,P009,2025-10-22,2,4.5,9.0,Westgate,Mobile,2025-10-22,Cheddar Cheese,Dairy,Fresh Food,Family,41-60,Bronze,South,4,23.39,Large
T00053,C033,P008,2025-03-17,2,2.1,4.2,Hilltop,Mobile,2025-03-17,Whole Milk,Dairy,Fresh Food,Premium Shopper,41-60,Not Enrolled,Central,5,26.5,Large
T00118,C042,P048,2025-06-10,3,4.8,14.4,Downtown,Mobile,2025-06-10,Shampoo,Personal Care,Non-Food,Student,18-25,Silver,East,3,35.1,Small
T00186,C020,P020,2025-08-28,1,1.6,1.6,Hilltop,Card,2025-08-28,Cola,Beverages,Grocery,Budget Shopper,26-40,Not Enrolled,East,3,14.6,Small
T00177,C044,P008,2025-08-20,5,2.1,10.5,Westgate,Mobile,2025-08-20,Whole Milk,Dairy,Fresh Food,Budget Shopper,26-40,Not Enrolled,North,2,15.9,Small
T00047,C055,P032,2025-03-22,2,2.7,5.4,Eastpark,Card,2025-03-22,Pasta Sauce,Pantry,Grocery,Student,18-25,Bronze,North,4,21.9,Large
T00166,C049,P030,2025-08-26,2,2.3,4.6,Riverside,Card,2025-08-26,Pretzels,Snacks,Grocery,Family,41-60,Bronze,South,3,16.6,Small
T00251,C017,P010,2025-11-28,2,3.2,6.4,Downtown,Card,11/28/2025,Greek Yogurt,Dairy,Fresh Food,Senior,60+,Bronze,North,2,13.2,Small
T00305,C045,P036,2025-12-05,3,7.8,23.4,Eastpark,Mobile,2025-12-05,Olive Oil,Pantry,Grocery,Student,18-25,Silver,East,2,32.3,Small
T00102,C060,P042,2025-05-27,3,2.4,7.2,Eastpark,Card,05/27/2025,Frozen Vegetables,Frozen,Grocery,Student,18-25,Silver,East,1,7.2,Single
T00009,C043,P007,2025-01-01,2,1.5,3.0,Eastpark,Card,2025-01-01,Avocado,Produce,Fresh Food,Student,18-25,Bronze,East,6,57.7,Large
T00083,C052,P030,2025-05-10,3,2.3,6.9,Westgate,Mobile,2025-05-10,Pretzels,Snacks,Grocery,Young Singles,26-40,Not Enrolled,East,4,14.4,Large
T00042,C016,P030,2025-03-26,1,2.3,2.3,Riverside,Card,2025-03-26,Pretzels,Snacks,Grocery,Young Singles,26-40,Bronze,Central,3,13.5,Small
T00293,C029,P024,2025-12-29,1,3.6,3.6,Hilltop,Mobile,2025-12-29,Tea Bags,Beverages,Grocery,Premium Shopper,41-60,Silver,East,4,22.0,Large
T00219,C018,P031,2025-10-07,2,1.5,3.0,Westgate,Cash,10/07/2025,Pasta,Pantry,Grocery,Young Singles,26-40,Bronze,East,6,31.47,Large
T00238,C028,P020,2025-10-04,2,1.6,3.2,Riverside,Cash,2025-10-04,Cola,Beverages,Grocery,Budget Shopper,26-40,Not Enrolled,South,4,46.6,Large
T00121,C019,P021,2025-06-26,1,3.4,3.4,Eastpark,Mobile,2025-06-26,Orange Juice,Beverages,Grocery,Young Singles,26-40,Silver,North,4,14.7,Large
T00059,C015,P009,2025-04-28,2,4.5,9.0,Hilltop,Mobile,04/28/2025,Cheddar Cheese,Dairy,Fresh Food,Premium Shopper,41-60,Not Enrolled,West,4,21.5,Large
T00007,C005,P038,2025-01-06,2,3.5,7.0,Eastpark,Card,01/06/2025,Peanut Butter,Pantry,Grocery,Young Singles,26-40,Not Enrolled,South,4,38.8,Large
T00166,C049,P011,2025-08-26,2,3.8,7.6,Riverside,Card,2025-08-26,Butter,Dairy,Fresh Food,Family,41-60,Bronze,South,3,16.6,Small
T00173,C051,P041,2025-08-16,3,4.6,13.8,Hilltop,Mobile,08/16/2025,Ice Cream,Frozen,Grocery,Young Singles,26-40,Bronze,West,1,13.8,Single
T00310,C046,P030,2025-12-20,1,2.3,2.3,Downtown,Card,20-12-2025,Pretzels,Snacks,Grocery,Premium Shopper,41-60,Silver,Central,4,41.0,Large
T00175,C007,P001,2025-08-23,3,0.59,1.77,Downtown,Card,2025-08-23,Bananas,Produce,Fresh Food,Family,41-60,Silver,Central,4,17.47,Large
T00230,C041,P027,2025-10-22,3,1.3,3.9,Downtown,Card,2025-10-22,Chocolate Bar,Snacks,Grocery,Young Singles,26-40,Silver,North,4,28.0,Large
T00281,C056,P023,2025-12-19,4,8.9,35.6,Downtown,Cash,2025-12-19,Coffee Beans,Beverages,Grocery,Premium Shopper,41-60,Silver,South,3,44.0,Small
T00015,C048,P024,2025-01-24,2,3.6,7.2,Riverside,Card,2025-01-24,Tea Bags,Beverages,Grocery,Student,18-25,Bronze,South,5,28.7,Large
T00213,C037,P037,2025-09-05,3,1.1,3.3,Eastpark,Cash,05-09-2025,Canned Beans,Pantry,Grocery,Young Singles,26-40,Not Enrolled,South,2,7.8,Small
T00142,C033,P008,2025-07-01,3,2.1,6.3,Westgate,Mobile,01-07-2025,Whole Milk,Dairy,Fresh Food,Premium Shopper,41-60,Not Enrolled,Central,3,11.7,Small
T00256,C056,P028,2025-11-07,2,2.9,5.8,Westgate,Mobile,2025-11-07,Cookies,Snacks,Grocery,Premium Shopper,41-60,Silver,South,5,41.7,Large
T00283,C056,P040,2025-12-08,1,5.2,5.2,Hilltop,Card,2025-12-08,Frozen Pizza,Frozen,Grocery,Premium Shopper,41-60,Silver,South,2,10.0,Small
T00141,C002,P047,2025-07-16,1,4.1,4.1,Downtown,Cash,2025-07-16,Trash Bags,Household,Non-Food,Family,41-60,Not Enrolled,North,1,4.1,Single
T00193,C007,P004,2025-09-08,3,1.4,4.2,Westgate,Card,09/08/2025,Lettuce,Produce,Fresh Food,Family,41-60,Silver,Central,2,15.2,Small
T00044,C018,P032,2025-03-17,2,2.7,5.4,Downtown,Card,2025-03-17,Pasta Sauce,Pantry,Grocery,Young Singles,26-40,Bronze,East,4,21.8,Large
T00151,C009,P002,2025-07-04,2,1.2,2.4,Downtown,Card,2025-07-04,Apples,Produce,Fresh Food,Senior,60+,Silver,North,3,8.2,Small
T00039,C021,P038,2025-03-24,2,3.5,7.0,Eastpark,Card,2025-03-24,Peanut Butter,Pantry,Grocery,Family,41-60,Bronze,South,6,40.7,Large
T00271,C033,P009,2025-11-22,1,4.5,4.5,Hilltop,Card,2025-11-22,Cheddar Cheese,Dairy,Fresh Food,Premium Shopper,41-60,Not Enrolled,Central,6,20.6,Large
T00230,C041,P009,2025-10-22,1,4.5,4.5,Downtown,Card,2025-10-22,Cheddar Cheese,Dairy,Fresh Food,Young Singles,26-40,Silver,North,4,28.0,Large
T00299,C012,P020,2025-12-03,5,1.6,8.0,Riverside,Card,2025-12-03,Cola,Beverages,Grocery,Young Singles,26-40,Not Enrolled,North,4,34.9,Large
T00149,C006,P018,2025-07-13,1,7.2,7.2,Eastpark,Card,2025-07-13,Ground Beef,Meat,Fresh Food,Premium Shopper,41-60,Bronze,Central,1,7.2,Single
T00101,C060,P017,2025-05-11,2,6.5,13.0,Riverside,Card,11-05-2025,Chicken Breast,Meat,Fresh Food,Student,18-25,Silver,East,5,38.45,Large
T00099,C034,P021,2025-05-16,2,3.4,6.8,Westgate,Mobile,05/16/2025,Orange Juice,Beverages,Grocery,Budget Shopper,26-40,Gold,West,1,6.8,Single
T00221,C056,P039,2025-10-11,2,2.8,5.6,Hilltop,Card,10/11/2025,Jam,Pantry,Grocery,Premium Shopper,41-60,Silver,South,5,21.9,Large
T00316,C047,P045,2025-12-07,2,2.9,5.8,Downtown,Mobile,12/07/2025,Dish Soap,Household,Non-Food,Young Singles,26-40,Silver,East,2,16.2,Small
T00009,C043,P009,2025-01-01,1,4.5,4.5,Eastpark,Card,2025-01-01,Cheddar Cheese,Dairy,Fresh Food,Student,18-25,Bronze,East,6,57.7,Large
T00214,C027,P018,2025-09-29,2,7.2,14.4,Hilltop,Card,2025-09-29,Ground Beef,Meat,Fresh Food,Family,41-60,Silver,East,5,31.3,Large
T00176,C024,P042,2025-08-11,3,2.4,7.2,Hilltop,Card,08/11/2025,Frozen Vegetables,Frozen,Grocery,Student,18-25,Not Enrolled,West,4,24.9,Large
T00277,C060,P004,2025-12-13,2,1.4,2.8,Westgate,Cash,2025-12-13,Lettuce,Produce,Fresh Food,Student,18-25,Silver,East,5,33.2,Large
T00103,C050,P019,2025-05-07,1,5.4,5.4,Eastpark,Card,2025-05-07,Bacon,Meat,Fresh Food,Premium Shopper,41-60,Gold,Central,3,14.2,Small
T00227,C044,P035,2025-10-01,2,2.1,4.2,Downtown,Cash,2025-10-01,Sugar,Pantry,Grocery,Budget Shopper,26-40,Not Enrolled,North,4,45.0,Large
T00262,C043,P028,2025-11-20,1,2.9,2.9,Hilltop,Mobile,2025-11-20,Cookies,Snacks,Grocery,Student,18-25,Bronze,East,3,14.3,Small
T00245,C012,P023,2025-11-19,5,8.9,44.5,Riverside,Card,2025-11-19,Coffee Beans,Beverages,Grocery,Young Singles,26-40,Not Enrolled,North,4,73.6,Large
T00279,C048,P023,2025-12-01,1,8.9,8.9,Downtown,Voucher,2025-12-01,Coffee Beans,Beverages,Grocery,Student,18-25,Bronze,South,4,31.3,Large
T00228,C057,P011,2025-10-14,2,3.8,7.6,Riverside,Card,14-10-2025,Butter,Dairy,Fresh Food,Student,18-25,Bronze,Central,4,15.5,Large
T00158,C040,P041,2025-07-21,2,4.6,9.2,Downtown,Cash,2025-07-21,Ice Cream,Frozen,Grocery,Premium Shopper,41-60,Not Enrolled,Central,4,15.7,Large
T00089,C056,P023,2025-05-13,3,8.9,26.7,Westgate,Card,2025-05-13,Coffee Beans,Beverages,Grocery,Premium Shopper,41-60,Silver,South,3,33.9,Small
T00253,C040,P043,2025-11-25,2,3.0,6.0,Eastpark,Cash,2025-11-25,Frozen Fries,Frozen,Grocery,Premium Shopper,41-60,Not Enrolled,Central,4,12.86,Large
T00229,C057,P043,2025-10-13,3,3.0,9.0,Hilltop,Mobile,2025-10-13,Frozen Fries,Frozen,Grocery,Student,18-25,Bronze,Central,4,15.7,Large
T00075,C042,P005,2025-04-19,3,0.9,2.7,Eastpark,Card,19-04-2025,Onions,Produce,Fresh Food,Student,18-25,Silver,East,2,6.7,Small
T00083,C052,P037,2025-05-10,1,1.1,1.1,Westgate,Mobile,2025-05-10,Canned Beans,Pantry,Grocery,Young Singles,26-40,Not Enrolled,East,4,14.4,Large
T00266,C012,P011,2025-11-06,1,3.8,3.8,Eastpark,Voucher,2025-11-06,Butter,Dairy,Fresh Food,Young Singles,26-40,Not Enrolled,North,6,43.9,Large
T00198,C002,P018,2025-09-06,1,7.2,7.2,Hilltop,Cash,2025-09-06,Ground Beef,Meat,Fresh Food,Family,41-60,Not Enrolled,North,5,25.4,Large
T00004,C029,P049,2025-01-03,3,2.7,8.1,Eastpark,Card,2025-01-03,Toothpaste,Personal Care,Non-Food,Premium Shopper,41-60,Silver,East,3,10.39,Small
T00060,C017,P031,2025-04-06,2,1.5,3.0,Downtown,Card,2025-04-06,Pasta,Pantry,Grocery,Senior,60+,Bronze,North,3,7.5,Small
T00308,C055,P020,2025-12-20,2,1.6,3.2,Hilltop,Mobile,2025-12-20,Cola,Beverages,Grocery,Student,18-25,Bronze,North,4,16.5,Large
T00023,C025,P027,2025-02-19,4,1.3,5.2,Westgate,Card,2025-02-19,Chocolate Bar,Snacks,Grocery,Budget Shopper,26-40,Not Enrolled,Central,4,17.7,Large
T00107,C032,P014,2025-05-15,1,2.4,2.4,Hilltop,Cash,2025-05-15,Whole Wheat Bread,Bakery,Fresh Food,Family,41-60,Not Enrolled,Central,3,16.3,Small
T00100,C034,P009,2025-05-22,1,4.5,4.5,Hilltop,Card,05/22/2025,Cheddar Cheese,Dairy,Fresh Food,Budget Shopper,26-40,Gold,West,3,10.8,Small
T00012,C036,P020,2025-01-25,1,1.6,1.6,Westgate,Voucher,01/25/2025,Cola,Beverages,Grocery,Premium Shopper,41-60,Bronze,North,6,49.0,Large
T00225,C030,P022,2025-10-30,1,1.1,1.1,Riverside,Card,10/30/2025,Sparkling Water,Beverages,Grocery,Family,41-60,Bronze,West,4,22.8,Large
T00127,C020,P038,2025-06-26,2,3.5,7.0,Downtown,Card,06/26/2025,Peanut Butter,Pantry,Grocery,Budget Shopper,26-40,Not Enrolled,East,4,38.9,Large
T00189,C058,P006,2025-08-08,1,0.85,0.85,Eastpark,Card,08/08/2025,Carrots,Produce,Fresh Food,Family,41-60,Not Enrolled,Central,4,11.95,Large
T00264,C017,P002,2025-11-07,1,1.2,1.2,Downtown,Mobile,11/07/2025,Apples,Produce,Fresh Food,Senior,60+,Bronze,North,5,22.4,Large
T00271,C033,P039,2025-11-22,1,2.8,2.8,Hilltop,Card,2025-11-22,Jam,Pantry,Grocery,Premium Shopper,41-60,Not Enrolled,Central,6,20.6,Large
T00192,C010,P004,2025-08-11,2,1.4,2.8,Downtown,Mobile,11-08-2025,Lettuce,Produce,Fresh Food,Family,41-60,Silver,East,3,9.9,Small
T00143,C030,P025,2025-07-13,2,2.2,4.4,Eastpark,Card,2025-07-13,Energy Drink,Beverages,Grocery,Family,41-60,Bronze,West,2,6.0,Small
T00008,C009,P035,2025-01-13,4,2.1,8.4,Hilltop,Cash,13-01-2025,Sugar,Pantry,Grocery,Senior,60+,Silver,North,6,29.18,Large
T00034,C018,P041,2025-02-05,1,4.6,4.6,Downtown,Voucher,2025-02-05,Ice Cream,Frozen,Grocery,Young Singles,26-40,Bronze,East,4,14.5,Large
T00001,C043,P015,2025-01-13,2,2.8,5.6,Hilltop,Card,2025-01-13,Bagels,Bakery,Fresh Food,Student,18-25,Bronze,East,2,9.4,Small
T00054,C001,P042,2025-03-13,4,2.4,9.6,Hilltop,Cash,2025-03-13,Frozen Vegetables,Frozen,Grocery,Student,18-25,Not Enrolled,East,4,62.2,Large
T00310,C046,P023,2025-12-20,3,8.9,26.7,Downtown,Card,20-12-2025,Coffee Beans,Beverages,Grocery,Premium Shopper,41-60,Silver,Central,4,41.0,Large
T00069,C048,P024,2025-04-03,1,3.6,3.6,Eastpark,Card,2025-04-03,Tea Bags,Beverages,Grocery,Student,18-25,Bronze,South,3,13.3,Small
T00188,C054,P048,2025-08-21,2,4.8,9.6,Downtown,Voucher,2025-08-21,Shampoo,Personal Care,Non-Food,Premium Shopper,41-60,Gold,North,4,33.2,Large
T00270,C058,P034,2025-11-02,2,3.9,7.8,Eastpark,Card,2025-11-02,Cereal,Pantry,Grocery,Family,41-60,Not Enrolled,Central,6,65.5,Large
T00154,C021,P026,2025-07-10,1,2.5,2.5,Eastpark,Voucher,2025-07-10,Potato Chips,Snacks,Grocery,Family,41-60,Bronze,South,2,11.7,Small
T00248,C004,P045,2025-11-22,3,2.9,8.7,Riverside,Card,11/22/2025,Dish Soap,Household,Non-Food,Young Singles,26-40,Bronze,North,7,79.8,Large
T00194,C042,P002,2025-09-21,2,1.2,2.4,Downtown,Cash,2025-09-21,Apples,Produce,Fresh Food,Student,18-25,Silver,East,5,27.4,Large
T00162,C014,P035,2025-07-23,2,2.1,4.2,Riverside,Card,07/23/2025,Sugar,Pantry,Grocery,Senior,60+,Silver,West,4,11.6,Large
T00155,C021,P013,2025-07-08,2,1.9,3.8,Westgate,Card,07/08/2025,White Bread,Bakery,Fresh Food,Family,41-60,Bronze,South,4,22.3,Large
T00175,C007,P045,2025-08-23,1,2.9,2.9,Downtown,Card,2025-08-23,Dish Soap,Household,Non-Food,Family,41-60,Silver,Central,4,17.47,Large
T00189,C058,P048,2025-08-08,1,4.8,4.8,Eastpark,Card,08/08/2025,Shampoo,Personal Care,Non-Food,Family,41-60,Not Enrolled,Central,4,11.95,Large
T00037,C019,P030,2025-03-16,1,2.3,2.3,Downtown,Card,03/16/2025,Pretzels,Snacks,Grocery,Young Singles,26-40,Silver,North,4,26.2,Large
T00108,C035,P037,2025-06-10,2,1.1,2.2,Downtown,Mobile,2025-06-10,Canned Beans,Pantry,Grocery,Senior,60+,Not Enrolled,South,5,25.1,Large
T00192,C010,P044,2025-08-11,1,5.5,5.5,Downtown,Mobile,11-08-2025,Paper Towels,Household,Non-Food,Family,41-60,Silver,East,3,9.9,Small
T00178,C016,P047,2025-08-05,1,4.1,4.1,Hilltop,Mobile,2025-08-05,Trash Bags,Household,Non-Food,Young Singles,26-40,Bronze,Central,4,27.3,Large
T00164,C008,P039,2025-07-10,1,2.8,2.8,Riverside,Card,2025-07-10,Jam,Pantry,Grocery,Budget Shopper,26-40,Not Enrolled,Central,3,14.0,Small
T00077,C006,P003,2025-04-28,4,1.8,7.2,Eastpark,Cash,2025-04-28,Tomatoes,Produce,Fresh Food,Premium Shopper,41-60,Bronze,Central,4,21.9,Large
T00093,C029,P004,2025-05-12,1,1.4,1.4,Downtown,Mobile,12-05-2025,Lettuce,Produce,Fresh Food,Premium Shopper,41-60,Silver,East,4,20.7,Large
T00187,C047,P027,2025-08-07,1,1.3,1.3,Eastpark,Mobile,2025-08-07,Chocolate Bar,Snacks,Grocery,Young Singles,26-40,Silver,East,1,1.3,Single
T00228,C057,P013,2025-10-14,2,1.9,3.8,Riverside,Card,14-10-2025,White Bread,Bakery,Fresh Food,Student,18-25,Bronze,Central,4,15.5,Large
T00085,C024,P021,2025-05-17,3,3.4,10.2,Riverside,Card,2025-05-17,Orange Juice,Beverages,Grocery,Student,18-25,Not Enrolled,West,2,14.7,Small
T00297,C019,P032,2025-12-12,2,2.7,5.4,Westgate,Cash,2025-12-12,Pasta Sauce,Pantry,Grocery,Young Singles,26-40,Silver,North,3,16.5,Small
T00210,C038,P031,2025-09-25,2,1.5,3.0,Riverside,Cash,09/25/2025,Pasta,Pantry,Grocery,Student,18-25,Bronze,North,5,25.4,Large
T00220,C053,P035,2025-10-17,2,2.1,4.2,Eastpark,Card,2025-10-17,Sugar,Pantry,Grocery,Senior,60+,Not Enrolled,South,3,13.8,Small
T00152,C025,P034,2025-07-14,1,3.9,3.9,Downtown,Mobile,2025-07-14,Cereal,Pantry,Grocery,Budget Shopper,26-40,Not Enrolled,Central,6,21.6,Large
T00237,C042,P037,2025-10-09,2,1.1,2.2,Hilltop,Card,10/09/2025,Canned Beans,Pantry,Grocery,Student,18-25,Silver,East,3,20.0,Small
T00165,C011,P009,2025-08-18,1,4.5,4.5,Westgate,Card,2025-08-18,Cheddar Cheese,Dairy,Fresh Food,Senior,60+,Not Enrolled,East,5,34.5,Large
T00194,C042,P013,2025-09-21,3,1.9,5.7,Downtown,Cash,2025-09-21,White Bread,Bakery,Fresh Food,Student,18-25,Silver,East,5,27.4,Large
T00252,C032,P033,2025-11-10,1,4.2,4.2,Eastpark,Cash,2025-11-10,Rice,Pantry,Grocery,Family,41-60,Not Enrolled,Central,4,20.6,Large
T00284,C040,P031,2025-12-16,4,1.5,6.0,Downtown,Mobile,2025-12-16,Pasta,Pantry,Grocery,Premium Shopper,41-60,Not Enrolled,Central,2,8.7,Small
T00237,C042,P048,2025-10-09,2,4.8,9.6,Hilltop,Card,10/09/2025,Shampoo,Personal Care,Non-Food,Student,18-25,Silver,East,3,20.0,Small
T00015,C048,P020,2025-01-24,1,1.6,1.6,Riverside,Card,2025-01-24,Cola,Beverages,Grocery,Student,18-25,Bronze,South,5,28.7,Large
T00258,C038,P006,2025-11-24,2,0.85,1.7,Downtown,Mobile,2025-11-24,Carrots,Produce,Fresh Food,Student,18-25,Bronze,North,6,49.3,Large
T00285,C032,P009,2025-12-09,1,4.5,4.5,Riverside,Voucher,09-12-2025,Cheddar Cheese,Dairy,Fresh Food,Family,41-60,Not Enrolled,Central,2,10.1,Small
T00268,C056,P033,2025-11-27,3,4.2,12.6,Hilltop,Cash,2025-11-27,Rice,Pantry,Grocery,Premium Shopper,41-60,Silver,South,4,27.4,Large
T00059,C015,P010,2025-04-28,1,3.2,3.2,Hilltop,Mobile,04/28/2025,Greek Yogurt,Dairy,Fresh Food,Premium Shopper,41-60,Not Enrolled,West,4,21.5,Large
T00283,C056,P020,2025-12-08,3,1.6,4.8,Hilltop,Card,2025-12-08,Cola,Beverages,Grocery,Premium Shopper,41-60,Silver,South,2,10.0,Small
T00267,C018,P024,2025-11-27,1,3.6,3.6,Hilltop,Cash,2025-11-27,Tea Bags,Beverages,Grocery,Young Singles,26-40,Bronze,East,3,14.2,Small
T00164,C008,P009,2025-07-10,2,4.5,9.0,Riverside,Card,2025-07-10,Cheddar Cheese,Dairy,Fresh Food,Budget Shopper,26-40,Not Enrolled,Central,3,14.0,Small
T00098,C051,P037,2025-05-07,1,1.1,1.1,Riverside,Card,2025-05-07,Canned Beans,Pantry,Grocery,Young Singles,26-40,Bronze,West,3,26.0,Small
T00316,C047,P040,2025-12-07,2,5.2,10.4,Downtown,Mobile,12/07/2025,Frozen Pizza,Frozen,Grocery,Young Singles,26-40,Silver,East,2,16.2,Small
T00212,C047,P018,2025-09-30,2,7.2,14.4,Downtown,Card,2025-09-30,Ground Beef,Meat,Fresh Food,Young Singles,26-40,Silver,East,3,28.2,Small
T00035,C053,P037,2025-02-04,2,1.1,2.2,Downtown,Card,2025-02-04,Canned Beans,Pantry,Grocery,Senior,60+,Not Enrolled,South,4,14.4,Large
T00038,C010,P037,2025-03-27,2,1.1,2.2,Downtown,Card,03/27/2025,Canned Beans,Pantry,Grocery,Family,41-60,Silver,East,4,19.1,Large
T00147,C003,P025,2025-07-22,4,2.2,8.8,Riverside,Voucher,2025-07-22,Energy Drink,Beverages,Grocery,Student,18-25,Silver,Central,6,53.4,Large
T00086,C059,P040,2025-05-10,3,5.2,15.6,Westgate,Mobile,2025-05-10,Frozen Pizza,Frozen,Grocery,Budget Shopper,26-40,Gold,Central,4,20.9,Large
T00019,C057,P042,2025-02-14,2,2.4,4.8,Eastpark,Card,2025-02-14,Frozen Vegetables,Frozen,Grocery,Student,18-25,Bronze,Central,3,23.7,Small
T00314,C017,P047,2025-12-24,5,4.1,20.5,Hilltop,Voucher,2025-12-24,Trash Bags,Household,Non-Food,Senior,60+,Bronze,North,3,33.1,Small
T00288,C013,P001,2025-12-13,2,0.59,1.18,Riverside,Mobile,12/13/2025,Bananas,Produce,Fresh Food,Senior,60+,Silver,Central,3,11.58,Small
T00020,C045,P034,2025-02-26,2,3.9,7.8,Eastpark,Cash,2025-02-26,Cereal,Pantry,Grocery,Student,18-25,Silver,East,5,44.1,Large
T00115,C045,P037,2025-06-07,1,1.1,1.1,Westgate,Card,2025-06-07,Canned Beans,Pantry,Grocery,Student,18-25,Silver,East,6,70.2,Large
T00309,C003,P039,2025-12-03,3,2.8,8.4,Riverside,Card,2025-12-03,Jam,Pantry,Grocery,Student,18-25,Silver,Central,3,17.9,Small
T00095,C018,P008,2025-05-21,1,2.1,2.1,Riverside,Voucher,2025-05-21,Whole Milk,Dairy,Fresh Food,Young Singles,26-40,Bronze,East,2,9.9,Small
T00089,C056,P002,2025-05-13,2,1.2,2.4,Westgate,Card,2025-05-13,Apples,Produce,Fresh Food,Premium Shopper,41-60,Silver,South,3,33.9,Small
T00027,C053,P020,2025-02-25,2,1.6,3.2,Riverside,Voucher,2025-02-25,Cola,Beverages,Grocery,Senior,60+,Not Enrolled,South,1,3.2,Single
T00010,C001,P048,2025-01-02,1,4.8,4.8,Hilltop,Mobile,2025-01-02,Shampoo,Personal Care,Non-Food,Student,18-25,Not Enrolled,East,2,8.8,Small
T00109,C026,P013,2025-06-04,4,1.9,7.6,Hilltop,Mobile,2025-06-04,White Bread,Bakery,Fresh Food,Family,41-60,Silver,North,6,42.0,Large
T00180,C044,P042,2025-08-18,4,2.4,9.6,Riverside,Mobile,18-08-2025,Frozen Vegetables,Frozen,Grocery,Budget Shopper,26-40,Not Enrolled,North,5,32.9,Large
T00227,C044,P025,2025-10-01,1,2.2,2.2,Downtown,Cash,2025-10-01,Energy Drink,Beverages,Grocery,Budget Shopper,26-40,Not Enrolled,North,4,45.0,Large
T00140,C034,P027,2025-07-02,3,1.3,3.9,Downtown,Mobile,2025-07-02,Chocolate Bar,Snacks,Grocery,Budget Shopper,26-40,Gold,West,5,22.28,Large
T00293,C029,P011,2025-12-29,1,3.8,3.8,Hilltop,Mobile,2025-12-29,Butter,Dairy,Fresh Food,Premium Shopper,41-60,Silver,East,4,22.0,Large
T00175,C007,P034,2025-08-23,3,3.9,11.7,Downtown,Card,2025-08-23,Cereal,Pantry,Grocery,Family,41-60,Silver,Central,4,17.47,Large
T00178,C016,P050,2025-08-05,3,2.2,6.6,Hilltop,Mobile,2025-08-05,Hand Soap,Personal Care,Non-Food,Young Singles,26-40,Bronze,Central,4,27.3,Large
T00183,C017,P047,2025-08-24,1,4.1,4.1,Riverside,Card,08/24/2025,Trash Bags,Household,Non-Food,Senior,60+,Bronze,North,5,19.8,Large
T00214,C027,P026,2025-09-29,1,2.5,2.5,Hilltop,Card,2025-09-29,Potato Chips,Snacks,Grocery,Family,41-60,Silver,East,5,31.3,Large
T00264,C017,P040,2025-11-07,1,5.2,5.2,Downtown,Mobile,11/07/2025,Frozen Pizza,Frozen,Grocery,Senior,60+,Bronze,North,5,22.4,Large
T00203,C037,P021,2025-09-23,1,3.4,3.4,Westgate,Mobile,09/23/2025,Orange Juice,Beverages,Grocery,Young Singles,26-40,Not Enrolled,South,3,25.0,Small
T00188,C054,P020,2025-08-21,1,1.6,1.6,Downtown,Voucher,2025-08-21,Cola,Beverages,Grocery,Premium Shopper,41-60,Gold,North,4,33.2,Large
T00084,C031,P049,2025-05-21,4,2.7,10.8,Hilltop,Cash,2025-05-21,Toothpaste,Personal Care,Non-Food,Student,18-25,Bronze,East,5,28.35,Large
T00206,C005,P006,2025-09-04,2,0.85,1.7,Hilltop,Card,2025-09-04,Carrots,Produce,Fresh Food,Young Singles,26-40,Not Enrolled,South,4,32.4,Large
T00046,C003,P001,2025-03-16,3,0.59,1.77,Riverside,Cash,2025-03-16,Bananas,Produce,Fresh Food,Student,18-25,Silver,Central,5,21.27,Large
T00050,C030,P016,2025-03-09,2,3.1,6.2,Hilltop,Card,2025-03-09,Croissant,Bakery,Fresh Food,Family,41-60,Bronze,West,3,11.7,Small
T00127,C020,P023,2025-06-26,2,8.9,17.8,Downtown,Card,06/26/2025,Coffee Beans,Beverages,Grocery,Budget Shopper,26-40,Not Enrolled,East,4,38.9,Large
T00281,C056,P044,2025-12-19,1,5.5,5.5,Downtown,Cash,2025-12-19,Paper Towels,Household,Non-Food,Premium Shopper,41-60,Silver,South,3,44.0,Small
T00242,C054,P032,2025-10-12,1,2.7,2.7,Hilltop,Cash,2025-10-12,Pasta Sauce,Pantry,Grocery,Premium Shopper,41-60,Gold,North,2,10.3,Small
T00024,C030,P006,2025-02-27,1,0.85,0.85,Riverside,Voucher,2025-02-27,Carrots,Produce,Fresh Food,Family,41-60,Bronze,West,5,10.75,Large
T00100,C034,P038,2025-05-22,1,3.5,3.5,Hilltop,Card,05/22/2025,Peanut Butter,Pantry,Grocery,Budget Shopper,26-40,Gold,West,3,10.8,Small
T00089,C056,P048,2025-05-13,1,4.8,4.8,Westgate,Card,2025-05-13,Shampoo,Personal Care,Non-Food,Premium Shopper,41-60,Silver,South,3,33.9,Small
T00185,C042,P025,2025-08-24,3,2.2,6.6,Westgate,Card,2025-08-24,Energy Drink,Beverages,Grocery,Student,18-25,Silver,East,5,44.6,Large
T00179,C004,P005,2025-08-21,3,0.9,2.7,Riverside,Cash,2025-08-21,Onions,Produce,Fresh Food,Young Singles,26-40,Bronze,North,3,9.4,Small
T00298,C036,P035,2025-12-29,3,2.1,6.3,Westgate,Card,2025-12-29,Sugar,Pantry,Grocery,Premium Shopper,41-60,Bronze,North,5,39.8,Large
T00255,C032,P007,2025-11-15,1,1.5,1.5,Downtown,Card,2025-11-15,Avocado,Produce,Fresh Food,Family,41-60,Not Enrolled,Central,3,22.2,Small
T00107,C032,P030,2025-05-15,2,2.3,4.6,Hilltop,Cash,2025-05-15,Pretzels,Snacks,Grocery,Family,41-60,Not Enrolled,Central,3,16.3,Small
T00201,C022,P004,2025-09-01,1,1.4,1.4,Eastpark,Card,2025-09-01,Lettuce,Produce,Fresh Food,Student,18-25,Not Enrolled,North,4,21.6,Large
T00015,C048,P035,2025-01-24,4,2.1,8.4,Riverside,Card,2025-01-24,Sugar,Pantry,Grocery,Student,18-25,Bronze,South,5,28.7,Large
T00042,C016,P008,2025-03-26,4,2.1,8.4,Riverside,Card,2025-03-26,Whole Milk,Dairy,Fresh Food,Young Singles,26-40,Bronze,Central,3,13.5,Small
T00052,C038,P027,2025-03-02,1,1.3,1.3,Hilltop,Mobile,2025-03-02,Chocolate Bar,Snacks,Grocery,Student,18-25,Bronze,North,2,10.9,Small
T00276,C007,P011,2025-12-06,1,3.8,3.8,Riverside,Cash,12/06/2025,Butter,Dairy,Fresh Food,Family,41-60,Silver,Central,5,66.2,Large
T00059,C015,P018,2025-04-28,1,7.2,7.2,Hilltop,Mobile,04/28/2025,Ground Beef,Meat,Fresh Food,Premium Shopper,41-60,Not Enrolled,West,4,21.5,Large
T00174,C060,P042,2025-08-04,2,2.4,4.8,Riverside,Card,2025-08-04,Frozen Vegetables,Frozen,Grocery,Student,18-25,Silver,East,6,26.8,Large
T00194,C042,P009,2025-09-21,1,4.5,4.5,Downtown,Cash,2025-09-21,Cheddar Cheese,Dairy,Fresh Food,Student,18-25,Silver,East,5,27.4,Large
T00190,C060,P015,2025-08-11,1,2.8,2.8,Westgate,Mobile,08/11/2025,Bagels,Bakery,Fresh Food,Student,18-25,Silver,East,3,21.0,Small
T00082,C025,P003,2025-05-20,1,1.8,1.8,Riverside,Card,05/20/2025,Tomatoes,Produce,Fresh Food,Budget Shopper,26-40,Not Enrolled,Central,4,11.7,Large
T00306,C023,P019,2025-12-13,2,5.4,10.8,Riverside,Card,2025-12-13,Bacon,Meat,Fresh Food,Premium Shopper,41-60,Bronze,Central,4,36.4,Large
T00073,C041,P024,2025-04-23,1,3.6,3.6,Westgate,Card,2025-04-23,Tea Bags,Beverages,Grocery,Young Singles,26-40,Silver,North,6,28.9,Large
T00002,C041,P033,2025-01-23,1,4.2,4.2,Downtown,Card,23-01-2025,Rice,Pantry,Grocery,Young Singles,26-40,Silver,North,5,32.6,Large
T00184,C011,P047,2025-08-19,2,4.1,8.2,Hilltop,Card,08/19/2025,Trash Bags,Household,Non-Food,Senior,60+,Not Enrolled,East,5,20.96,Large
T00185,C042,P021,2025-08-24,1,3.4,3.4,Westgate,Card,2025-08-24,Orange Juice,Beverages,Grocery,Student,18-25,Silver,East,5,44.6,Large
T00135,C018,P039,2025-06-02,2,2.8,5.6,Westgate,Mobile,2025-06-02,Jam,Pantry,Grocery,Young Singles,26-40,Bronze,East,5,50.1,Large
T00125,C051,P020,2025-06-28,2,1.6,3.2,Downtown,Cash,2025-06-28,Cola,Beverages,Grocery,Young Singles,26-40,Bronze,West,3,6.4,Small
T00275,C035,P023,2025-11-28,1,8.9,8.9,Westgate,Cash,2025-11-28,Coffee Beans,Beverages,Grocery,Senior,60+,Not Enrolled,South,6,38.0,Large
T00148,C007,P021,2025-07-02,2,3.4,6.8,Westgate,Card,2025-07-02,Orange Juice,Beverages,Grocery,Family,41-60,Silver,Central,4,19.4,Large
T00256,C056,P023,2025-11-07,1,8.9,8.9,Westgate,Mobile,2025-11-07,Coffee Beans,Beverages,Grocery,Premium Shopper,41-60,Silver,South,5,41.7,Large
T00182,C042,P006,2025-08-22,2,0.85,1.7,Downtown,Card,2025-08-22,Carrots,Produce,Fresh Food,Student,18-25,Silver,East,6,21.6,Large
T00062,C059,P005,2025-04-23,2,0.9,1.8,Westgate,Card,2025-04-23,Onions,Produce,Fresh Food,Budget Shopper,26-40,Gold,Central,4,43.9,Large
T00071,C004,P049,2025-04-20,1,2.7,2.7,Downtown,Card,20-04-2025,Toothpaste,Personal Care,Non-Food,Young Singles,26-40,Bronze,North,4,22.6,Large
T00154,C021,P041,2025-07-10,2,4.6,9.2,Eastpark,Voucher,2025-07-10,Ice Cream,Frozen,Grocery,Family,41-60,Bronze,South,2,11.7,Small
T00287,C012,P028,2025-12-09,1,2.9,2.9,Eastpark,Card,2025-12-09,Cookies,Snacks,Grocery,Young Singles,26-40,Not Enrolled,North,6,21.3,Large
T00002,C041,P043,2025-01-23,2,3.0,6.0,Downtown,Card,23-01-2025,Frozen Fries,Frozen,Grocery,Young Singles,26-40,Silver,North,5,32.6,Large
T00246,C039,P046,2025-11-14,1,9.4,9.4,Eastpark,Card,11/14/2025,Laundry Detergent,Household,Non-Food,Budget Shopper,26-40,Bronze,West,5,44.0,Large
T00168,C056,P040,2025-08-15,2,5.2,10.4,Downtown,Mobile,2025-08-15,Frozen Pizza,Frozen,Grocery,Premium Shopper,41-60,Silver,South,5,53.1,Large
T00156,C055,P046,2025-07-27,1,9.4,9.4,Westgate,Mobile,2025-07-27,Laundry Detergent,Household,Non-Food,Student,18-25,Bronze,North,2,15.9,Small
T00155,C021,P022,2025-07-08,1,1.1,1.1,Westgate,Card,07/08/2025,Sparkling Water,Beverages,Grocery,Family,41-60,Bronze,South,4,22.3,Large
T00140,C034,P001,2025-07-02,2,0.59,1.18,Downtown,Mobile,2025-07-02,Bananas,Produce,Fresh Food,Budget Shopper,26-40,Gold,West,5,22.28,Large
T00004,C029,P006,2025-01-03,2,0.85,1.7,Eastpark,Card,2025-01-03,Carrots,Produce,Fresh Food,Premium Shopper,41-60,Silver,East,3,10.39,Small
T00075,C042,P029,2025-04-19,2,2.0,4.0,Eastpark,Card,19-04-2025,Popcorn,Snacks,Grocery,Student,18-25,Silver,East,2,6.7,Small
T00276,C007,P040,2025-12-06,1,5.2,5.2,Riverside,Cash,12/06/2025,Frozen Pizza,Frozen,Grocery,Family,41-60,Silver,Central,5,66.2,Large
T00191,C008,P017,2025-08-14,1,6.5,6.5,Eastpark,Card,08/14/2025,Chicken Breast,Meat,Fresh Food,Budget Shopper,26-40,Not Enrolled,Central,3,11.35,Small
T00002,C041,P005,2025-01-23,2,0.9,1.8,Downtown,Card,23-01-2025,Onions,Produce,Fresh Food,Young Singles,26-40,Silver,North,5,32.6,Large
T00294,C031,P017,2025-12-29,3,6.5,19.5,Eastpark,Card,12/29/2025,Chicken Breast,Meat,Fresh Food,Student,18-25,Bronze,East,3,21.85,Small
T00038,C010,P029,2025-03-27,2,2.0,4.0,Downtown,Card,03/27/2025,Popcorn,Snacks,Grocery,Family,41-60,Silver,East,4,19.1,Large
T00034,C018,P032,2025-02-05,1,2.7,2.7,Downtown,Voucher,2025-02-05,Pasta Sauce,Pantry,Grocery,Young Singles,26-40,Bronze,East,4,14.5,Large
T00051,C037,P035,2025-03-01,3,2.1,6.3,Downtown,Voucher,03/01/2025,Sugar,Pantry,Grocery,Young Singles,26-40,Not Enrolled,South,5,34.5,Large
T00193,C007,P050,2025-09-08,5,2.2,11.0,Westgate,Card,09/08/2025,Hand Soap,Personal Care,Non-Food,Family,41-60,Silver,Central,2,15.2,Small
T00085,C024,P007,2025-05-17,3,1.5,4.5,Riverside,Card,2025-05-17,Avocado,Produce,Fresh Food,Student,18-25,Not Enrolled,West,2,14.7,Small
T00136,C045,P021,2025-07-08,2,3.4,6.8,Eastpark,Mobile,2025-07-08,Orange Juice,Beverages,Grocery,Student,18-25,Silver,East,2,9.0,Small
T00255,C032,P011,2025-11-15,5,3.8,19.0,Downtown,Card,2025-11-15,Butter,Dairy,Fresh Food,Family,41-60,Not Enrolled,Central,3,22.2,Small
T00221,C056,P004,2025-10-11,3,1.4,4.2,Hilltop,Card,10/11/2025,Lettuce,Produce,Fresh Food,Premium Shopper,41-60,Silver,South,5,21.9,Large
T00092,C026,P008,2025-05-29,2,2.1,4.2,Westgate,Mobile,2025-05-29,Whole Milk,Dairy,Fresh Food,Family,41-60,Silver,North,6,25.65,Large
T00092,C026,P034,2025-05-29,2,3.9,7.8,Westgate,Mobile,2025-05-29,Cereal,Pantry,Grocery,Family,41-60,Silver,North,6,25.65,Large
T00128,C047,P025,2025-06-21,2,2.2,4.4,Westgate,Card,06/21/2025,Energy Drink,Beverages,Grocery,Young Singles,26-40,Silver,East,3,8.45,Small
T00014,C003,P028,2025-01-09,1,2.9,2.9,Downtown,Cash,2025-01-09,Cookies,Snacks,Grocery,Student,18-25,Silver,Central,4,16.2,Large
T00266,C012,P031,2025-11-06,1,1.5,1.5,Eastpark,Voucher,2025-11-06,Pasta,Pantry,Grocery,Young Singles,26-40,Not Enrolled,North,6,43.9,Large
T00233,C017,P004,2025-10-29,3,1.4,4.2,Riverside,Cash,29-10-2025,Lettuce,Produce,Fresh Food,Senior,60+,Bronze,North,2,8.7,Small
T00266,C012,P048,2025-11-06,5,4.8,24.0,Eastpark,Voucher,2025-11-06,Shampoo,Personal Care,Non-Food,Young Singles,26-40,Not Enrolled,North,6,43.9,Large
T00041,C026,P030,2025-03-25,1,2.3,2.3,Eastpark,Mobile,2025-03-25,Pretzels,Snacks,Grocery,Family,41-60,Silver,North,5,17.7,Large
T00046,C003,P029,2025-03-16,2,2.0,4.0,Riverside,Cash,2025-03-16,Popcorn,Snacks,Grocery,Student,18-25,Silver,Central,5,21.27,Large
T00042,C016,P015,2025-03-26,1,2.8,2.8,Riverside,Card,2025-03-26,Bagels,Bakery,Fresh Food,Young Singles,26-40,Bronze,Central,3,13.5,Small
T00203,C037,P039,2025-09-23,4,2.8,11.2,Westgate,Mobile,09/23/2025,Jam,Pantry,Grocery,Young Singles,26-40,Not Enrolled,South,3,25.0,Small
T00176,C024,P044,2025-08-11,1,5.5,5.5,Hilltop,Card,08/11/2025,Paper Towels,Household,Non-Food,Student,18-25,Not Enrolled,West,4,24.9,Large
T00101,C060,P018,2025-05-11,2,7.2,14.4,Riverside,Card,11-05-2025,Ground Beef,Meat,Fresh Food,Student,18-25,Silver,East,5,38.45,Large
T00048,C056,P023,2025-03-23,1,8.9,8.9,Downtown,Card,2025-03-23,Coffee Beans,Beverages,Grocery,Premium Shopper,41-60,Silver,South,6,35.9,Large
T00233,C017,P007,2025-10-29,3,1.5,4.5,Riverside,Cash,29-10-2025,Avocado,Produce,Fresh Food,Senior,60+,Bronze,North,2,8.7,Small
T00012,C036,P040,2025-01-25,1,5.2,5.2,Westgate,Voucher,01/25/2025,Frozen Pizza,Frozen,Grocery,Premium Shopper,41-60,Bronze,North,6,49.0,Large
T00287,C012,P035,2025-12-09,3,2.1,6.3,Eastpark,Card,2025-12-09,Sugar,Pantry,Grocery,Young Singles,26-40,Not Enrolled,North,6,21.3,Large
T00171,C018,P026,2025-08-21,1,2.5,2.5,Westgate,Card,2025-08-21,Potato Chips,Snacks,Grocery,Young Singles,26-40,Bronze,East,4,8.85,Large
T00115,C045,P019,2025-06-07,4,5.4,21.6,Westgate,Card,2025-06-07,Bacon,Meat,Fresh Food,Student,18-25,Silver,East,6,70.2,Large
T00046,C003,P034,2025-03-16,1,3.9,3.9,Riverside,Cash,2025-03-16,Cereal,Pantry,Grocery,Student,18-25,Silver,Central,5,21.27,Large
T00293,C029,P035,2025-12-29,2,2.1,4.2,Hilltop,Mobile,2025-12-29,Sugar,Pantry,Grocery,Premium Shopper,41-60,Silver,East,4,22.0,Large
T00159,C030,P032,2025-07-13,2,2.7,5.4,Eastpark,Mobile,2025-07-13,Pasta Sauce,Pantry,Grocery,Family,41-60,Bronze,West,6,16.75,Large
T00240,C042,P001,2025-10-24,2,0.59,1.18,Downtown,Card,2025-10-24,Bananas,Produce,Fresh Food,Student,18-25,Silver,East,3,18.58,Small
T00221,C056,P013,2025-10-11,1,1.9,1.9,Hilltop,Card,10/11/2025,White Bread,Bakery,Fresh Food,Premium Shopper,41-60,Silver,South,5,21.9,Large
T00116,C014,P007,2025-06-16,2,1.5,3.0,Riverside,Mobile,2025-06-16,Avocado,Produce,Fresh Food,Senior,60+,Silver,West,3,21.9,Small
T00215,C051,P048,2025-09-27,3,4.8,14.4,Hilltop,Card,09/27/2025,Shampoo,Personal Care,Non-Food,Young Singles,26-40,Bronze,West,5,29.5,Large
T00163,C026,P025,2025-07-20,2,2.2,4.4,Eastpark,Card,2025-07-20,Energy Drink,Beverages,Grocery,Family,41-60,Silver,North,3,18.0,Small
T00024,C030,P039,2025-02-27,1,2.8,2.8,Riverside,Voucher,2025-02-27,Jam,Pantry,Grocery,Family,41-60,Bronze,West,5,10.75,Large
T00110,C054,P002,2025-06-17,1,1.2,1.2,Eastpark,Cash,06/17/2025,Apples,Produce,Fresh Food,Premium Shopper,41-60,Gold,North,2,12.2,Small
T00195,C044,P018,2025-09-13,2,7.2,14.4,Westgate,Card,2025-09-13,Ground Beef,Meat,Fresh Food,Budget Shopper,26-40,Not Enrolled,North,2,22.4,Small
T00137,C033,P041,2025-07-12,2,4.6,9.2,Westgate,Cash,07/12/2025,Ice Cream,Frozen,Grocery,Premium Shopper,41-60,Not Enrolled,Central,4,23.7,Large
T00215,C051,P015,2025-09-27,1,2.8,2.8,Hilltop,Card,09/27/2025,Bagels,Bakery,Fresh Food,Young Singles,26-40,Bronze,West,5,29.5,Large
T00033,C035,P008,2025-02-24,1,2.1,2.1,Riverside,Card,02/24/2025,Whole Milk,Dairy,Fresh Food,Senior,60+,Not Enrolled,South,3,23.5,Small
T00026,C013,P014,2025-02-08,1,2.4,2.4,Downtown,Cash,2025-02-08,Whole Wheat Bread,Bakery,Fresh Food,Senior,60+,Silver,Central,3,12.1,Small
T00222,C053,P031,2025-10-19,1,1.5,1.5,Riverside,Card,10/19/2025,Pasta,Pantry,Grocery,Senior,60+,Not Enrolled,South,5,39.5,Large
T00302,C013,P032,2025-12-02,2,2.7,5.4,Westgate,Mobile,2025-12-02,Pasta Sauce,Pantry,Grocery,Senior,60+,Silver,Central,4,19.6,Large
T00298,C036,P017,2025-12-29,1,6.5,6.5,Westgate,Card,2025-12-29,Chicken Breast,Meat,Fresh Food,Premium Shopper,41-60,Bronze,North,5,39.8,Large
T00242,C054,P011,2025-10-12,2,3.8,7.6,Hilltop,Cash,2025-10-12,Butter,Dairy,Fresh Food,Premium Shopper,41-60,Gold,North,2,10.3,Small
T00217,C003,P024,2025-10-08,1,3.6,3.6,Westgate,Card,2025-10-08,Tea Bags,Beverages,Grocery,Student,18-25,Silver,Central,2,12.0,Small
T00200,C035,P039,2025-09-16,1,2.8,2.8,Hilltop,Card,2025-09-16,Jam,Pantry,Grocery,Senior,60+,Not Enrolled,South,1,2.8,Single
T00211,C029,P011,2025-09-25,5,3.8,19.0,Riverside,Voucher,2025-09-25,Butter,Dairy,Fresh Food,Premium Shopper,41-60,Silver,East,3,38.7,Small
T00267,C018,P025,2025-11-27,1,2.2,2.2,Hilltop,Cash,2025-11-27,Energy Drink,Beverages,Grocery,Young Singles,26-40,Bronze,East,3,14.2,Small
T00074,C050,P007,2025-04-29,3,1.5,4.5,Hilltop,Card,29-04-2025,Avocado,Produce,Fresh Food,Premium Shopper,41-60,Gold,Central,5,31.5,Large
T00270,C058,P037,2025-11-02,2,1.1,2.2,Eastpark,Card,2025-11-02,Canned Beans,Pantry,Grocery,Family,41-60,Not Enrolled,Central,6,65.5,Large
T00315,C021,P040,2025-12-28,4,5.2,20.8,Downtown,Mobile,28-12-2025,Frozen Pizza,Frozen,Grocery,Family,41-60,Bronze,South,5,43.9,Large
T00057,C045,P024,2025-03-02,5,3.6,18.0,Hilltop,Card,2025-03-02,Tea Bags,Beverages,Grocery,Student,18-25,Silver,East,2,22.2,Small
T00217,C003,P033,2025-10-08,2,4.2,8.4,Westgate,Card,2025-10-08,Rice,Pantry,Grocery,Student,18-25,Silver,Central,2,12.0,Small
T00182,C042,P004,2025-08-22,2,1.4,2.8,Downtown,Card,2025-08-22,Lettuce,Produce,Fresh Food,Student,18-25,Silver,East,6,21.6,Large
T00139,C032,P035,2025-07-24,2,2.1,4.2,Westgate,Card,07/24/2025,Sugar,Pantry,Grocery,Family,41-60,Not Enrolled,Central,2,12.4,Small
T00050,C030,P037,2025-03-09,3,1.1,3.3,Hilltop,Card,2025-03-09,Canned Beans,Pantry,Grocery,Family,41-60,Bronze,West,3,11.7,Small
T00008,C009,P030,2025-01-13,3,2.3,6.9,Hilltop,Cash,13-01-2025,Pretzels,Snacks,Grocery,Senior,60+,Silver,North,6,29.18,Large
T00096,C019,P012,2025-05-20,4,2.6,10.4,Westgate,Card,2025-05-20,Eggs,Dairy,Fresh Food,Young Singles,26-40,Silver,North,1,10.4,Single
T00312,C043,P026,2025-12-23,2,2.5,5.0,Westgate,Mobile,2025-12-23,Potato Chips,Snacks,Grocery,Student,18-25,Bronze,East,2,8.2,Small
T00119,C054,P019,2025-06-02,1,5.4,5.4,Westgate,Mobile,2025-06-02,Bacon,Meat,Fresh Food,Premium Shopper,41-60,Gold,North,4,12.7,Large
T00309,C003,P013,2025-12-03,1,1.9,1.9,Riverside,Card,2025-12-03,White Bread,Bakery,Fresh Food,Student,18-25,Silver,Central,3,17.9,Small
T00170,C018,P021,2025-08-02,1,3.4,3.4,Riverside,Mobile,2025-08-02,Orange Juice,Beverages,Grocery,Young Singles,26-40,Bronze,East,2,8.0,Small
T00212,C047,P008,2025-09-30,1,2.1,2.1,Downtown,Card,2025-09-30,Whole Milk,Dairy,Fresh Food,Young Singles,26-40,Silver,East,3,28.2,Small
T00269,C052,P038,2025-11-14,3,3.5,10.5,Hilltop,Mobile,2025-11-14,Peanut Butter,Pantry,Grocery,Young Singles,26-40,Not Enrolled,East,3,15.7,Small
T00182,C042,P008,2025-08-22,2,2.1,4.2,Downtown,Card,2025-08-22,Whole Milk,Dairy,Fresh Food,Student,18-25,Silver,East,6,21.6,Large
T00236,C031,P023,2025-10-19,1,8.9,8.9,Eastpark,Mobile,2025-10-19,Coffee Beans,Beverages,Grocery,Student,18-25,Bronze,East,3,52.8,Small
T00051,C037,P050,2025-03-01,1,2.2,2.2,Downtown,Voucher,03/01/2025,Hand Soap,Personal Care,Non-Food,Young Singles,26-40,Not Enrolled,South,5,34.5,Large
T00033,C035,P038,2025-02-24,5,3.5,17.5,Riverside,Card,02/24/2025,Peanut Butter,Pantry,Grocery,Senior,60+,Not Enrolled,South,3,23.5,Small
T00157,C026,P020,2025-07-19,1,1.6,1.6,Eastpark,Cash,19-07-2025,Cola,Beverages,Grocery,Family,41-60,Silver,North,4,14.0,Large
T00219,C018,P039,2025-10-07,1,2.8,2.8,Westgate,Cash,10/07/2025,Jam,Pantry,Grocery,Young Singles,26-40,Bronze,East,6,31.47,Large
T00026,C013,P008,2025-02-08,2,2.1,4.2,Downtown,Cash,2025-02-08,Whole Milk,Dairy,Fresh Food,Senior,60+,Silver,Central,3,12.1,Small
T00280,C033,P017,2025-12-03,2,6.5,13.0,Hilltop,Card,2025-12-03,Chicken Breast,Meat,Fresh Food,Premium Shopper,41-60,Not Enrolled,Central,3,33.0,Small
T00199,C055,P039,2025-09-19,4,2.8,11.2,Westgate,Card,09/19/2025,Jam,Pantry,Grocery,Student,18-25,Bronze,North,5,51.0,Large
T00250,C038,P013,2025-11-25,1,1.9,1.9,Eastpark,Mobile,2025-11-25,White Bread,Bakery,Fresh Food,Student,18-25,Bronze,North,4,19.6,Large
T00142,C033,P007,2025-07-01,1,1.5,1.5,Westgate,Mobile,01-07-2025,Avocado,Produce,Fresh Food,Premium Shopper,41-60,Not Enrolled,Central,3,11.7,Small
T00040,C055,P036,2025-03-04,1,7.8,7.8,Riverside,Card,2025-03-04,Olive Oil,Pantry,Grocery,Student,18-25,Bronze,North,2,10.3,Small
T00271,C033,P007,2025-11-22,2,1.5,3.0,Hilltop,Card,2025-11-22,Avocado,Produce,Fresh Food,Premium Shopper,41-60,Not Enrolled,Central,6,20.6,Large
T00161,C036,P012,2025-07-11,2,2.6,5.2,Westgate,Voucher,2025-07-11,Eggs,Dairy,Fresh Food,Premium Shopper,41-60,Bronze,North,3,17.4,Small
T00210,C038,P032,2025-09-25,5,2.7,13.5,Riverside,Cash,09/25/2025,Pasta Sauce,Pantry,Grocery,Student,18-25,Bronze,North,5,25.4,Large
T00014,C003,P033,2025-01-09,2,4.2,8.4,Downtown,Cash,2025-01-09,Rice,Pantry,Grocery,Student,18-25,Silver,Central,4,16.2,Large
T00188,C054,P007,2025-08-21,1,1.5,1.5,Downtown,Voucher,2025-08-21,Avocado,Produce,Fresh Food,Premium Shopper,41-60,Gold,North,4,33.2,Large
T00087,C004,P032,2025-05-04,2,2.7,5.4,Riverside,Card,05/04/2025,Pasta Sauce,Pantry,Grocery,Young Singles,26-40,Bronze,North,3,12.4,Small
T00129,C026,P044,2025-06-18,1,5.5,5.5,Eastpark,Card,18-06-2025,Paper Towels,Household,Non-Food,Family,41-60,Silver,North,5,20.4,Large
T00047,C055,P035,2025-03-22,1,2.1,2.1,Eastpark,Card,2025-03-22,Sugar,Pantry,Grocery,Student,18-25,Bronze,North,4,21.9,Large
T00302,C013,P014,2025-12-02,2,2.4,4.8,Westgate,Mobile,2025-12-02,Whole Wheat Bread,Bakery,Fresh Food,Senior,60+,Silver,Central,4,19.6,Large
T00084,C031,P019,2025-05-21,2,5.4,10.8,Hilltop,Cash,2025-05-21,Bacon,Meat,Fresh Food,Student,18-25,Bronze,East,5,28.35,Large
T00307,C005,P024,2025-12-06,3,3.6,10.8,Eastpark,Card,2025-12-06,Tea Bags,Beverages,Grocery,Young Singles,26-40,Not Enrolled,South,2,17.1,Small
T00306,C023,P035,2025-12-13,2,2.1,4.2,Riverside,Card,2025-12-13,Sugar,Pantry,Grocery,Premium Shopper,41-60,Bronze,Central,4,36.4,Large
T00266,C012,P003,2025-11-06,2,1.8,3.6,Eastpark,Voucher,2025-11-06,Tomatoes,Produce,Fresh Food,Young Singles,26-40,Not Enrolled,North,6,43.9,Large
T00135,C018,P036,2025-06-02,2,7.8,15.6,Westgate,Mobile,2025-06-02,Olive Oil,Pantry,Grocery,Young Singles,26-40,Bronze,East,5,50.1,Large
T00308,C055,P035,2025-12-20,1,2.1,2.1,Hilltop,Mobile,2025-12-20,Sugar,Pantry,Grocery,Student,18-25,Bronze,North,4,16.5,Large
T00053,C033,P048,2025-03-17,1,4.8,4.8,Hilltop,Mobile,2025-03-17,Shampoo,Personal Care,Non-Food,Premium Shopper,41-60,Not Enrolled,Central,5,26.5,Large
T00013,C053,P039,2025-01-07,4,2.8,11.2,Westgate,Card,01/07/2025,Jam,Pantry,Grocery,Senior,60+,Not Enrolled,South,5,49.8,Large
T00194,C042,P039,2025-09-21,4,2.8,11.2,Downtown,Cash,2025-09-21,Jam,Pantry,Grocery,Student,18-25,Silver,East,5,27.4,Large
T00231,C054,P036,2025-10-09,2,7.8,15.6,Eastpark,Voucher,2025-10-09,Olive Oil,Pantry,Grocery,Premium Shopper,41-60,Gold,North,3,25.0,Small
T00161,C036,P043,2025-07-11,1,3.0,3.0,Westgate,Voucher,2025-07-11,Frozen Fries,Frozen,Grocery,Premium Shopper,41-60,Bronze,North,3,17.4,Small
T00117,C007,P041,2025-06-02,2,4.6,9.2,Westgate,Card,2025-06-02,Ice Cream,Frozen,Grocery,Family,41-60,Silver,Central,4,58.97,Large
T00174,C060,P025,2025-08-04,1,2.2,2.2,Riverside,Card,2025-08-04,Energy Drink,Beverages,Grocery,Student,18-25,Silver,East,6,26.8,Large
T00011,C045,P003,2025-01-29,1,1.8,1.8,Riverside,Cash,01/29/2025,Tomatoes,Produce,Fresh Food,Student,18-25,Silver,East,4,31.0,Large
T00287,C012,P014,2025-12-09,2,2.4,4.8,Eastpark,Card,2025-12-09,Whole Wheat Bread,Bakery,Fresh Food,Young Singles,26-40,Not Enrolled,North,6,21.3,Large
T00120,C055,P047,2025-06-05,2,4.1,8.2,Eastpark,Cash,2025-06-05,Trash Bags,Household,Non-Food,Student,18-25,Bronze,North,2,12.0,Small
T00167,C053,P035,2025-08-18,3,2.1,6.3,Hilltop,Cash,08/18/2025,Sugar,Pantry,Grocery,Senior,60+,Not Enrolled,South,4,23.2,Large
T00162,C014,P022,2025-07-23,1,1.1,1.1,Riverside,Card,07/23/2025,Sparkling Water,Beverages,Grocery,Senior,60+,Silver,West,4,11.6,Large
T00073,C041,P040,2025-04-23,1,5.2,5.2,Westgate,Card,2025-04-23,Frozen Pizza,Frozen,Grocery,Young Singles,26-40,Silver,North,6,28.9,Large
T00300,C015,P024,2025-12-01,1,3.6,3.6,Downtown,Card,2025-12-01,Tea Bags,Beverages,Grocery,Premium Shopper,41-60,Not Enrolled,West,4,39.3,Large
T00012,C036,P024,2025-01-25,2,3.6,7.2,Westgate,Voucher,01/25/2025,Tea Bags,Beverages,Grocery,Premium Shopper,41-60,Bronze,North,6,49.0,Large
T00264,C017,P020,2025-11-07,4,1.6,6.4,Downtown,Mobile,11/07/2025,Cola,Beverages,Grocery,Senior,60+,Bronze,North,5,22.4,Large
T00250,C038,P044,2025-11-25,1,5.5,5.5,Eastpark,Mobile,2025-11-25,Paper Towels,Household,Non-Food,Student,18-25,Bronze,North,4,19.6,Large
T00140,C034,P009,2025-07-02,2,4.5,9.0,Downtown,Mobile,2025-07-02,Cheddar Cheese,Dairy,Fresh Food,Budget Shopper,26-40,Gold,West,5,22.28,Large
T00138,C027,P016,2025-07-24,1,3.1,3.1,Hilltop,Card,2025-07-24,Croissant,Bakery,Fresh Food,Family,41-60,Silver,East,3,17.7,Small
T00032,C019,P034,2025-02-03,5,3.9,19.5,Riverside,Card,2025-02-03,Cereal,Pantry,Grocery,Young Singles,26-40,Silver,North,4,30.9,Large
T00162,C014,P037,2025-07-23,3,1.1,3.3,Riverside,Card,07/23/2025,Canned Beans,Pantry,Grocery,Senior,60+,Silver,West,4,11.6,Large
T00011,C045,P010,2025-01-29,4,3.2,12.8,Riverside,Cash,01/29/2025,Greek Yogurt,Dairy,Fresh Food,Student,18-25,Silver,East,4,31.0,Large
T00215,C051,P011,2025-09-27,1,3.8,3.8,Hilltop,Card,09/27/2025,Butter,Dairy,Fresh Food,Young Singles,26-40,Bronze,West,5,29.5,Large
T00264,C017,P026,2025-11-07,2,2.5,5.0,Downtown,Mobile,11/07/2025,Potato Chips,Snacks,Grocery,Senior,60+,Bronze,North,5,22.4,Large
T00198,C002,P031,2025-09-06,1,1.5,1.5,Hilltop,Cash,2025-09-06,Pasta,Pantry,Grocery,Family,41-60,Not Enrolled,North,5,25.4,Large
T00163,C026,P012,2025-07-20,1,2.6,2.6,Eastpark,Card,2025-07-20,Eggs,Dairy,Fresh Food,Family,41-60,Silver,North,3,18.0,Small
T00167,C053,P029,2025-08-18,1,2.0,2.0,Hilltop,Cash,08/18/2025,Popcorn,Snacks,Grocery,Senior,60+,Not Enrolled,South,4,23.2,Large
T00183,C017,P025,2025-08-24,1,2.2,2.2,Riverside,Card,08/24/2025,Energy Drink,Beverages,Grocery,Senior,60+,Bronze,North,5,19.8,Large
T00178,C016,P039,2025-08-05,4,2.8,11.2,Hilltop,Mobile,2025-08-05,Jam,Pantry,Grocery,Young Singles,26-40,Bronze,Central,4,27.3,Large
T00295,C009,P020,2025-12-05,2,1.6,3.2,Eastpark,Mobile,2025-12-05,Cola,Beverages,Grocery,Senior,60+,Silver,North,4,36.4,Large
T00280,C033,P025,2025-12-03,2,2.2,4.4,Hilltop,Card,2025-12-03,Energy Drink,Beverages,Grocery,Premium Shopper,41-60,Not Enrolled,Central,3,33.0,Small
T00188,C054,P047,2025-08-21,5,4.1,20.5,Downtown,Voucher,2025-08-21,Trash Bags,Household,Non-Food,Premium Shopper,41-60,Gold,North,4,33.2,Large
T00119,C054,P022,2025-06-02,1,1.1,1.1,Westgate,Mobile,2025-06-02,Sparkling Water,Beverages,Grocery,Premium Shopper,41-60,Gold,North,4,12.7,Large
T00092,C026,P045,2025-05-29,1,2.9,2.9,Westgate,Mobile,2025-05-29,Dish Soap,Household,Non-Food,Family,41-60,Silver,North,6,25.65,Large
T00219,C018,P012,2025-10-07,1,2.6,2.6,Westgate,Cash,10/07/2025,Eggs,Dairy,Fresh Food,Young Singles,26-40,Bronze,East,6,31.47,Large
T00115,C045,P020,2025-06-07,2,1.6,3.2,Westgate,Card,2025-06-07,Cola,Beverages,Grocery,Student,18-25,Silver,East,6,70.2,Large
T00249,C025,P036,2025-11-30,3,7.8,23.4,Westgate,Card,11/30/2025,Olive Oil,Pantry,Grocery,Budget Shopper,26-40,Not Enrolled,Central,4,32.77,Large
T00222,C053,P043,2025-10-19,3,3.0,9.0,Riverside,Card,10/19/2025,Frozen Fries,Frozen,Grocery,Senior,60+,Not Enrolled,South,5,39.5,Large
T00186,C020,P037,2025-08-28,2,1.1,2.2,Hilltop,Card,2025-08-28,Canned Beans,Pantry,Grocery,Budget Shopper,26-40,Not Enrolled,East,3,14.6,Small
T00012,C036,P023,2025-01-25,3,8.9,26.7,Westgate,Voucher,01/25/2025,Coffee Beans,Beverages,Grocery,Premium Shopper,41-60,Bronze,North,6,49.0,Large
T00235,C026,P042,2025-10-04,1,2.4,2.4,Westgate,Voucher,2025-10-04,Frozen Vegetables,Frozen,Grocery,Family,41-60,Silver,North,3,7.7,Small
T00311,C005,P013,2025-12-10,2,1.9,3.8,Riverside,Voucher,2025-12-10,White Bread,Bakery,Fresh Food,Young Singles,26-40,Not Enrolled,South,4,23.8,Large
T00131,C039,P049,2025-06-15,3,2.7,8.1,Downtown,Card,2025-06-15,Toothpaste,Personal Care,Non-Food,Budget Shopper,26-40,Bronze,West,3,19.5,Small
T00073,C041,P020,2025-04-23,1,1.6,1.6,Westgate,Card,2025-04-23,Cola,Beverages,Grocery,Young Singles,26-40,Silver,North,6,28.9,Large
T00267,C018,P035,2025-11-27,4,2.1,8.4,Hilltop,Cash,2025-11-27,Sugar,Pantry,Grocery,Young Singles,26-40,Bronze,East,3,14.2,Small
T00140,C034,P049,2025-07-02,2,2.7,5.4,Downtown,Mobile,2025-07-02,Toothpaste,Personal Care,Non-Food,Budget Shopper,26-40,Gold,West,5,22.28,Large
T00292,C041,P011,2025-12-06,2,3.8,7.6,Hilltop,Card,2025-12-06,Butter,Dairy,Fresh Food,Young Singles,26-40,Silver,North,3,19.6,Small
T00097,C052,P020,2025-05-03,2,1.6,3.2,Hilltop,Mobile,05/03/2025,Cola,Beverages,Grocery,Young Singles,26-40,Not Enrolled,East,3,21.6,Small
T00210,C038,P035,2025-09-25,1,2.1,2.1,Riverside,Cash,09/25/2025,Sugar,Pantry,Grocery,Student,18-25,Bronze,North,5,25.4,Large
T00153,C030,P020,2025-07-07,3,1.6,4.8,Downtown,Card,2025-07-07,Cola,Beverages,Grocery,Family,41-60,Bronze,West,3,19.8,Small
T00189,C058,P039,2025-08-08,1,2.8,2.8,Eastpark,Card,08/08/2025,Jam,Pantry,Grocery,Family,41-60,Not Enrolled,Central,4,11.95,Large
T00261,C005,P022,2025-11-22,1,1.1,1.1,Hilltop,Card,11/22/2025,Sparkling Water,Beverages,Grocery,Young Singles,26-40,Not Enrolled,South,3,23.1,Small
T00134,C016,P004,2025-06-16,2,1.4,2.8,Riverside,Card,06/16/2025,Lettuce,Produce,Fresh Food,Young Singles,26-40,Bronze,Central,5,18.1,Large
T00286,C023,P034,2025-12-17,2,3.9,7.8,Westgate,Mobile,12/17/2025,Cereal,Pantry,Grocery,Premium Shopper,41-60,Bronze,Central,3,12.8,Small
T00276,C007,P004,2025-12-06,1,1.4,1.4,Riverside,Cash,12/06/2025,Lettuce,Produce,Fresh Food,Family,41-60,Silver,Central,5,66.2,Large
T00050,C030,P025,2025-03-09,1,2.2,2.2,Hilltop,Card,2025-03-09,Energy Drink,Beverages,Grocery,Family,41-60,Bronze,West,3,11.7,Small
T00019,C057,P010,2025-02-14,3,3.2,9.6,Eastpark,Card,2025-02-14,Greek Yogurt,Dairy,Fresh Food,Student,18-25,Bronze,Central,3,23.7,Small
T00058,C018,P014,2025-03-13,1,2.4,2.4,Riverside,Voucher,13-03-2025,Whole Wheat Bread,Bakery,Fresh Food,Young Singles,26-40,Bronze,East,5,22.65,Large
T00229,C057,P042,2025-10-13,1,2.4,2.4,Hilltop,Mobile,2025-10-13,Frozen Vegetables,Frozen,Grocery,Student,18-25,Bronze,Central,4,15.7,Large
T00058,C018,P041,2025-03-13,2,4.6,9.2,Riverside,Voucher,13-03-2025,Ice Cream,Frozen,Grocery,Young Singles,26-40,Bronze,East,5,22.65,Large
T00206,C005,P039,2025-09-04,5,2.8,14.0,Hilltop,Card,2025-09-04,Jam,Pantry,Grocery,Young Singles,26-40,Not Enrolled,South,4,32.4,Large
T00225,C030,P012,2025-10-30,2,2.6,5.2,Riverside,Card,10/30/2025,Eggs,Dairy,Fresh Food,Family,41-60,Bronze,West,4,22.8,Large
T00064,C060,P007,2025-04-22,3,1.5,4.5,Westgate,Card,04/22/2025,Avocado,Produce,Fresh Food,Student,18-25,Silver,East,1,4.5,Single
T00126,C029,P041,2025-06-17,2,4.6,9.2,Downtown,Mobile,06/17/2025,Ice Cream,Frozen,Grocery,Premium Shopper,41-60,Silver,East,3,19.4,Small
T00284,C040,P032,2025-12-16,1,2.7,2.7,Downtown,Mobile,2025-12-16,Pasta Sauce,Pantry,Grocery,Premium Shopper,41-60,Not Enrolled,Central,2,8.7,Small
T00311,C005,P035,2025-12-10,2,2.1,4.2,Riverside,Voucher,2025-12-10,Sugar,Pantry,Grocery,Young Singles,26-40,Not Enrolled,South,4,23.8,Large
T00276,C007,P025,2025-12-06,4,2.2,8.8,Riverside,Cash,12/06/2025,Energy Drink,Beverages,Grocery,Family,41-60,Silver,Central,5,66.2,Large
T00005,C001,P047,2025-01-13,2,4.1,8.2,Westgate,Card,01/13/2025,Trash Bags,Household,Non-Food,Student,18-25,Not Enrolled,East,3,25.6,Small
T00290,C054,P036,2025-12-16,1,7.8,7.8,Downtown,Card,2025-12-16,Olive Oil,Pantry,Grocery,Premium Shopper,41-60,Gold,North,3,20.7,Small
T00315,C021,P020,2025-12-28,2,1.6,3.2,Downtown,Mobile,28-12-2025,Cola,Beverages,Grocery,Family,41-60,Bronze,South,5,43.9,Large
T00125,C051,P008,2025-06-28,1,2.1,2.1,Downtown,Cash,2025-06-28,Whole Milk,Dairy,Fresh Food,Young Singles,26-40,Bronze,West,3,6.4,Small
T00009,C043,P048,2025-01-01,4,4.8,19.2,Eastpark,Card,2025-01-01,Shampoo,Personal Care,Non-Food,Student,18-25,Bronze,East,6,57.7,Large
T00066,C037,P023,2025-04-04,1,8.9,8.9,Eastpark,Card,2025-04-04,Coffee Beans,Beverages,Grocery,Young Singles,26-40,Not Enrolled,South,2,11.9,Small
T00054,C001,P041,2025-03-13,1,4.6,4.6,Hilltop,Cash,2025-03-13,Ice Cream,Frozen,Grocery,Student,18-25,Not Enrolled,East,4,62.2,Large
T00046,C003,P047,2025-03-16,1,4.1,4.1,Riverside,Cash,2025-03-16,Trash Bags,Household,Non-Food,Student,18-25,Silver,Central,5,21.27,Large
T00039,C021,P049,2025-03-24,1,2.7,2.7,Eastpark,Card,2025-03-24,Toothpaste,Personal Care,Non-Food,Family,41-60,Bronze,South,6,40.7,Large
T00147,C003,P020,2025-07-22,2,1.6,3.2,Riverside,Voucher,2025-07-22,Cola,Beverages,Grocery,Student,18-25,Silver,Central,6,53.4,Large
T00295,C009,P018,2025-12-05,1,7.2,7.2,Eastpark,Mobile,2025-12-05,Ground Beef,Meat,Fresh Food,Senior,60+,Silver,North,4,36.4,Large
T00235,C026,P011,2025-10-04,1,3.8,3.8,Westgate,Voucher,2025-10-04,Butter,Dairy,Fresh Food,Family,41-60,Silver,North,3,7.7,Small
T00111,C058,P039,2025-06-26,3,2.8,8.4,Downtown,Cash,2025-06-26,Jam,Pantry,Grocery,Family,41-60,Not Enrolled,Central,4,28.6,Large
T00226,C006,P003,2025-10-25,3,1.8,5.4,Riverside,Cash,2025-10-25,Tomatoes,Produce,Fresh Food,Premium Shopper,41-60,Bronze,Central,3,16.8,Small
T00279,C048,P040,2025-12-01,1,5.2,5.2,Downtown,Voucher,2025-12-01,Frozen Pizza,Frozen,Grocery,Student,18-25,Bronze,South,4,31.3,Large
T00300,C015,P035,2025-12-01,2,2.1,4.2,Downtown,Card,2025-12-01,Sugar,Pantry,Grocery,Premium Shopper,41-60,Not Enrolled,West,4,39.3,Large
T00080,C020,P044,2025-04-03,2,5.5,11.0,Eastpark,Card,04/03/2025,Paper Towels,Household,Non-Food,Budget Shopper,26-40,Not Enrolled,East,6,55.6,Large
T00285,C032,P015,2025-12-09,2,2.8,5.6,Riverside,Voucher,09-12-2025,Bagels,Bakery,Fresh Food,Family,41-60,Not Enrolled,Central,2,10.1,Small
T00045,C025,P025,2025-03-19,3,2.2,6.6,Riverside,Mobile,2025-03-19,Energy Drink,Beverages,Grocery,Budget Shopper,26-40,Not Enrolled,Central,2,8.1,Small
T00219,C018,P042,2025-10-07,2,2.4,4.8,Westgate,Cash,10/07/2025,Frozen Vegetables,Frozen,Grocery,Young Singles,26-40,Bronze,East,6,31.47,Large
T00304,C016,P039,2025-12-26,2,2.8,5.6,Downtown,Voucher,2025-12-26,Jam,Pantry,Grocery,Young Singles,26-40,Bronze,Central,4,26.9,Large
T00303,C057,P041,2025-12-12,1,4.6,4.6,Downtown,Mobile,2025-12-12,Ice Cream,Frozen,Grocery,Student,18-25,Bronze,Central,2,7.5,Small
T00143,C030,P020,2025-07-13,1,1.6,1.6,Eastpark,Card,2025-07-13,Cola,Beverages,Grocery,Family,41-60,Bronze,West,2,6.0,Small
T00142,C033,P034,2025-07-01,1,3.9,3.9,Westgate,Mobile,01-07-2025,Cereal,Pantry,Grocery,Premium Shopper,41-60,Not Enrolled,Central,3,11.7,Small
T00166,C049,P050,2025-08-26,2,2.2,4.4,Riverside,Card,2025-08-26,Hand Soap,Personal Care,Non-Food,Family,41-60,Bronze,South,3,16.6,Small
T00014,C003,P039,2025-01-09,1,2.8,2.8,Downtown,Cash,2025-01-09,Jam,Pantry,Grocery,Student,18-25,Silver,Central,4,16.2,Large
T00112,C045,P045,2025-06-19,4,2.9,11.6,Downtown,Card,2025-06-19,Dish Soap,Household,Non-Food,Student,18-25,Silver,East,3,20.1,Small
T00315,C021,P037,2025-12-28,1,1.1,1.1,Downtown,Mobile,28-12-2025,Canned Beans,Pantry,Grocery,Family,41-60,Bronze,South,5,43.9,Large
T00060,C017,P005,2025-04-06,2,0.9,1.8,Downtown,Card,2025-04-06,Onions,Produce,Fresh Food,Senior,60+,Bronze,North,3,7.5,Small
T00114,C052,P036,2025-06-21,1,7.8,7.8,Hilltop,Cash,2025-06-21,Olive Oil,Pantry,Grocery,Young Singles,26-40,Not Enrolled,East,2,9.4,Small
T00090,C023,P030,2025-05-02,1,2.3,2.3,Eastpark,Card,2025-05-02,Pretzels,Snacks,Grocery,Premium Shopper,41-60,Bronze,Central,5,24.1,Large
T00170,C018,P041,2025-08-02,1,4.6,4.6,Riverside,Mobile,2025-08-02,Ice Cream,Frozen,Grocery,Young Singles,26-40,Bronze,East,2,8.0,Small
T00266,C012,P047,2025-11-06,2,4.1,8.2,Eastpark,Voucher,2025-11-06,Trash Bags,Household,Non-Food,Young Singles,26-40,Not Enrolled,North,6,43.9,Large
T00186,C020,P019,2025-08-28,2,5.4,10.8,Hilltop,Card,2025-08-28,Bacon,Meat,Fresh Food,Budget Shopper,26-40,Not Enrolled,East,3,14.6,Small
T00249,C025,P048,2025-11-30,1,4.8,4.8,Westgate,Card,11/30/2025,Shampoo,Personal Care,Non-Food,Budget Shopper,26-40,Not Enrolled,Central,4,32.77,Large
T00250,C038,P039,2025-11-25,3,2.8,8.4,Eastpark,Mobile,2025-11-25,Jam,Pantry,Grocery,Student,18-25,Bronze,North,4,19.6,Large
T00197,C052,P002,2025-09-29,2,1.2,2.4,Eastpark,Card,29-09-2025,Apples,Produce,Fresh Food,Young Singles,26-40,Not Enrolled,East,3,16.2,Small
T00086,C059,P006,2025-05-10,2,0.85,1.7,Westgate,Mobile,2025-05-10,Carrots,Produce,Fresh Food,Budget Shopper,26-40,Gold,Central,4,20.9,Large
T00310,C046,P035,2025-12-20,4,2.1,8.4,Downtown,Card,20-12-2025,Sugar,Pantry,Grocery,Premium Shopper,41-60,Silver,Central,4,41.0,Large
T00112,C045,P027,2025-06-19,1,1.3,1.3,Downtown,Card,2025-06-19,Chocolate Bar,Snacks,Grocery,Student,18-25,Silver,East,3,20.1,Small
T00070,C006,P049,2025-04-22,1,2.7,2.7,Hilltop,Card,2025-04-22,Toothpaste,Personal Care,Non-Food,Premium Shopper,41-60,Bronze,Central,4,17.3,Large
T00039,C021,P044,2025-03-24,3,5.5,16.5,Eastpark,Card,2025-03-24,Paper Towels,Household,Non-Food,Family,41-60,Bronze,South,6,40.7,Large
T00196,C032,P025,2025-09-10,1,2.2,2.2,Westgate,Mobile,2025-09-10,Energy Drink,Beverages,Grocery,Family,41-60,Not Enrolled,Central,1,2.2,Single
T00093,C029,P041,2025-05-12,2,4.6,9.2,Downtown,Mobile,12-05-2025,Ice Cream,Frozen,Grocery,Premium Shopper,41-60,Silver,East,4,20.7,Large
T00086,C059,P020,2025-05-10,1,1.6,1.6,Westgate,Mobile,2025-05-10,Cola,Beverages,Grocery,Budget Shopper,26-40,Gold,Central,4,20.9,Large
T00259,C059,P037,2025-11-29,1,1.1,1.1,Hilltop,Voucher,2025-11-29,Canned Beans,Pantry,Grocery,Budget Shopper,26-40,Gold,Central,5,23.47,Large
T00080,C020,P008,2025-04-03,4,2.1,8.4,Eastpark,Card,04/03/2025,Whole Milk,Dairy,Fresh Food,Budget Shopper,26-40,Not Enrolled,East,6,55.6,Large
T00190,C060,P011,2025-08-11,1,3.8,3.8,Westgate,Mobile,08/11/2025,Butter,Dairy,Fresh Food,Student,18-25,Silver,East,3,21.0,Small
T00082,C025,P047,2025-05-20,1,4.1,4.1,Riverside,Card,05/20/2025,Trash Bags,Household,Non-Food,Budget Shopper,26-40,Not Enrolled,Central,4,11.7,Large
T00123,C008,P041,2025-06-22,1,4.6,4.6,Westgate,Card,2025-06-22,Ice Cream,Frozen,Grocery,Budget Shopper,26-40,Not Enrolled,Central,3,37.2,Small
T00082,C025,P011,2025-05-20,1,3.8,3.8,Riverside,Card,05/20/2025,Butter,Dairy,Fresh Food,Budget Shopper,26-40,Not Enrolled,Central,4,11.7,Large
T00126,C029,P033,2025-06-17,1,4.2,4.2,Downtown,Mobile,06/17/2025,Rice,Pantry,Grocery,Premium Shopper,41-60,Silver,East,3,19.4,Small
T00078,C006,P034,2025-04-23,2,3.9,7.8,Eastpark,Mobile,2025-04-23,Cereal,Pantry,Grocery,Premium Shopper,41-60,Bronze,Central,4,19.5,Large
T00270,C058,P041,2025-11-02,1,4.6,4.6,Eastpark,Card,2025-11-02,Ice Cream,Frozen,Grocery,Family,41-60,Not Enrolled,Central,6,65.5,Large
T00202,C038,P047,2025-09-13,1,4.1,4.1,Downtown,Card,2025-09-13,Trash Bags,Household,Non-Food,Student,18-25,Bronze,North,6,37.8,Large
T00192,C010,P020,2025-08-11,1,1.6,1.6,Downtown,Mobile,11-08-2025,Cola,Beverages,Grocery,Family,41-60,Silver,East,3,9.9,Small
T00258,C038,P023,2025-11-24,1,8.9,8.9,Downtown,Mobile,2025-11-24,Coffee Beans,Beverages,Grocery,Student,18-25,Bronze,North,6,49.3,Large
T00090,C023,P045,2025-05-02,2,2.9,5.8,Eastpark,Card,2025-05-02,Dish Soap,Household,Non-Food,Premium Shopper,41-60,Bronze,Central,5,24.1,Large
T00151,C009,P027,2025-07-04,1,1.3,1.3,Downtown,Card,2025-07-04,Chocolate Bar,Snacks,Grocery,Senior,60+,Silver,North,3,8.2,Small
T00252,C032,P012,2025-11-10,4,2.6,10.4,Eastpark,Cash,2025-11-10,Eggs,Dairy,Fresh Food,Family,41-60,Not Enrolled,Central,4,20.6,Large
T00139,C032,P047,2025-07-24,2,4.1,8.2,Westgate,Card,07/24/2025,Trash Bags,Household,Non-Food,Family,41-60,Not Enrolled,Central,2,12.4,Small
T00313,C021,P028,2025-12-29,3,2.9,8.7,Eastpark,Voucher,2025-12-29,Cookies,Snacks,Grocery,Family,41-60,Bronze,South,3,16.0,Small
T00231,C054,P011,2025-10-09,2,3.8,7.6,Eastpark,Voucher,2025-10-09,Butter,Dairy,Fresh Food,Premium Shopper,41-60,Gold,North,3,25.0,Small
T00049,C030,P035,2025-03-09,1,2.1,2.1,Hilltop,Mobile,03/09/2025,Sugar,Pantry,Grocery,Family,41-60,Bronze,West,3,18.4,Small
T00082,C025,P029,2025-05-20,1,2.0,2.0,Riverside,Card,05/20/2025,Popcorn,Snacks,Grocery,Budget Shopper,26-40,Not Enrolled,Central,4,11.7,Large
T00238,C028,P040,2025-10-04,2,5.2,10.4,Riverside,Cash,2025-10-04,Frozen Pizza,Frozen,Grocery,Budget Shopper,26-40,Not Enrolled,South,4,46.6,Large
T00208,C031,P017,2025-09-03,1,6.5,6.5,Downtown,Card,2025-09-03,Chicken Breast,Meat,Fresh Food,Student,18-25,Bronze,East,3,22.1,Small
T00090,C023,P031,2025-05-02,1,1.5,1.5,Eastpark,Card,2025-05-02,Pasta,Pantry,Grocery,Premium Shopper,41-60,Bronze,Central,5,24.1,Large
T00138,C027,P032,2025-07-24,2,2.7,5.4,Hilltop,Card,2025-07-24,Pasta Sauce,Pantry,Grocery,Family,41-60,Silver,East,3,17.7,Small
T00174,C060,P020,2025-08-04,1,1.6,1.6,Riverside,Card,2025-08-04,Cola,Beverages,Grocery,Student,18-25,Silver,East,6,26.8,Large
T00015,C048,P022,2025-01-24,1,1.1,1.1,Riverside,Card,2025-01-24,Sparkling Water,Beverages,Grocery,Student,18-25,Bronze,South,5,28.7,Large
T00235,C026,P031,2025-10-04,1,1.5,1.5,Westgate,Voucher,2025-10-04,Pasta,Pantry,Grocery,Family,41-60,Silver,North,3,7.7,Small
T00160,C046,P022,2025-07-26,2,1.1,2.2,Downtown,Card,2025-07-26,Sparkling Water,Beverages,Grocery,Premium Shopper,41-60,Silver,Central,2,17.4,Small
T00036,C020,P049,2025-02-15,2,2.7,5.4,Eastpark,Voucher,2025-02-15,Toothpaste,Personal Care,Non-Food,Budget Shopper,26-40,Not Enrolled,East,4,19.7,Large
T00171,C018,P006,2025-08-21,3,0.85,2.55,Westgate,Card,2025-08-21,Carrots,Produce,Fresh Food,Young Singles,26-40,Bronze,East,4,8.85,Large
T00300,C015,P023,2025-12-01,3,8.9,26.7,Downtown,Card,2025-12-01,Coffee Beans,Beverages,Grocery,Premium Shopper,41-60,Not Enrolled,West,4,39.3,Large
T00147,C003,P026,2025-07-22,3,2.5,7.5,Riverside,Voucher,2025-07-22,Potato Chips,Snacks,Grocery,Student,18-25,Silver,Central,6,53.4,Large
T00185,C042,P037,2025-08-24,2,1.1,2.2,Westgate,Card,2025-08-24,Canned Beans,Pantry,Grocery,Student,18-25,Silver,East,5,44.6,Large
T00216,C024,P033,2025-09-28,3,4.2,12.6,Downtown,Cash,2025-09-28,Rice,Pantry,Grocery,Student,18-25,Not Enrolled,West,3,19.9,Small
